section_id,label,sort_order,height_m,distance_m
A3-01,Section 1,3,0,0
A3-01,Section 1,3,0,1
A3-01,Section 1,3,0,2
A3-01,Section 1,3,0,3
A3-01,Section 1,3,0,4
A3-01,Section 1,3,0,5
A3-01,Section 1,3,0,6
A3-01,Section 1,3,0,7
A3-01,Section 1,3,0,8
A3-01,Section 1,3,0,9
A3-01,Section 1,3,0,10
A3-01,Section 1,3,0,11
A3-01,Section 1,3,0,12
A3-01,Section 1,3,0,13
A3-01,Section 1,3,0,14
A3-01,Section 1,3,0,15
A3-01,Section 1,3,0,16
A3-01,Section 1,3,0,17
A3-01,Section 1,3,0,18
A3-01,Section 1,3,0,19
A3-01,Section 1,3,0,20
A3-01,Section 1,3,0,21
A3-01,Section 1,3,14.73,22
A3-01,Section 1,3,14.61,23
A3-01,Section 1,3,14.48,24
A3-01,Section 1,3,14.47,25
A3-01,Section 1,3,14.4,26
A3-01,Section 1,3,14.28,27
A3-01,Section 1,3,14.36,28
A3-01,Section 1,3,14.25,29
A3-01,Section 1,3,14.35,30
A3-01,Section 1,3,14.83,31
A3-01,Section 1,3,14.77,32
A3-01,Section 1,3,15.19,33
A3-01,Section 1,3,14.58,34
A3-01,Section 1,3,14.42,35
A3-01,Section 1,3,14.06,36
A3-01,Section 1,3,13.79,37
A3-01,Section 1,3,13.76,38
A3-01,Section 1,3,13.64,39
A3-01,Section 1,3,13.29,40
A3-01,Section 1,3,13.16,41
A3-01,Section 1,3,13.04,42
A3-01,Section 1,3,12.88,43
A3-01,Section 1,3,12.66,44
A3-01,Section 1,3,12.71,45
A3-01,Section 1,3,12.55,46
A3-01,Section 1,3,12.51,47
A3-01,Section 1,3,12.62,48
A3-01,Section 1,3,12.54,49
A3-01,Section 1,3,12.32,50
A3-01,Section 1,3,12.19,51
A3-01,Section 1,3,12.09,52
A3-01,Section 1,3,11.83,53
A3-01,Section 1,3,12.17,54
A3-01,Section 1,3,12.16,55
A3-01,Section 1,3,12.32,56
A3-01,Section 1,3,11.85,57
A3-01,Section 1,3,10.28,58
A3-01,Section 1,3,9.79,59
A3-01,Section 1,3,7.67,60
A3-01,Section 1,3,3.47,61
A3-01,Section 1,3,3.18,62
A3-01,Section 1,3,3.12,63
A3-01,Section 1,3,3.05,64
A3-01,Section 1,3,2.97,65
A3-01,Section 1,3,2.88,66
A3-01,Section 1,3,2.79,67
A3-01,Section 1,3,2.7,68
A3-01,Section 1,3,2.6,69
A3-01,Section 1,3,2.54,70
A3-01,Section 1,3,2.58,71
A3-01,Section 1,3,2.36,72
A3-01,Section 1,3,2.28,73
A3-01,Section 1,3,2.21,74
A3-01,Section 1,3,2.15,75
A3-01,Section 1,3,2.09,76
A3-01,Section 1,3,2.03,77
A3-01,Section 1,3,1.99,78
A3-01,Section 1,3,1.94,79
A3-01,Section 1,3,1.9,80
A3-01,Section 1,3,1.86,81
A3-01,Section 1,3,1.82,82
A3-01,Section 1,3,1.77,83
A3-01,Section 1,3,1.73,84
A3-01,Section 1,3,1.68,85
A3-01,Section 1,3,1.64,86
A3-01,Section 1,3,1.59,87
A3-01,Section 1,3,1.54,88
A3-01,Section 1,3,1.5,89
A3-01,Section 1,3,1.46,90
A3-01,Section 1,3,1.4,91
A3-01,Section 1,3,1.39,92
A3-01,Section 1,3,1.38,93
A3-01,Section 1,3,1.36,94
A3-01,Section 1,3,1.35,95
A3-01,Section 1,3,1.34,96
A3-01,Section 1,3,1.33,97
A3-01,Section 1,3,1.3,98
A3-01,Section 1,3,1.3,99
A3-01,Section 1,3,1.29,100
A3-01,Section 1,3,1.25,101
A3-01,Section 1,3,1.24,102
A3-01,Section 1,3,1.23,103
A3-01,Section 1,3,1.22,104
A3-01,Section 1,3,1.21,105
A3-01,Section 1,3,1.2,106
A3-01,Section 1,3,1.19,107
A3-01,Section 1,3,1.17,108
A3-01,Section 1,3,1.17,109
A3-01,Section 1,3,1.15,110
A3-01,Section 1,3,1.15,111
A3-01,Section 1,3,1.15,112
A3-01,Section 1,3,1.12,113
A3-01,Section 1,3,1.12,114
A3-01,Section 1,3,1.12,115
A3-01,Section 1,3,1.12,116
A3-01,Section 1,3,1.12,117
A3-01,Section 1,3,1.1,118
A3-01,Section 1,3,1.08,119
A3-01,Section 1,3,1.09,120
A3-01,Section 1,3,1.07,121
A3-01,Section 1,3,1.07,122
A3-01,Section 1,3,1.07,123
A3-01,Section 1,3,1.09,124
A3-01,Section 1,3,1.07,125
A3-01,Section 1,3,1.07,126
A3-01,Section 1,3,1.06,127
A3-01,Section 1,3,1.05,128
A3-01,Section 1,3,1.07,129
A3-01,Section 1,3,1.05,130
A3-01,Section 1,3,1.06,131
A3-01,Section 1,3,1.04,132
A3-01,Section 1,3,1.02,133
A3-01,Section 1,3,1.02,134
A3-01,Section 1,3,1.01,135
A3-01,Section 1,3,1.01,136
A3-01,Section 1,3,1,137
A3-01,Section 1,3,1,138
A3-01,Section 1,3,0.99,139
A3-01,Section 1,3,0.99,140
A3-01,Section 1,3,0.99,141
A3-01,Section 1,3,0.98,142
A3-01,Section 1,3,0.97,143
A3-01,Section 1,3,0.96,144
A3-01,Section 1,3,0.96,145
A3-01,Section 1,3,0.95,146
A3-01,Section 1,3,0.96,147
A3-01,Section 1,3,0.95,148
A3-01,Section 1,3,0.94,149
A3-01,Section 1,3,0.93,150
A3-01,Section 1,3,0.93,151
A3-01,Section 1,3,0.91,152
A3-01,Section 1,3,0.92,153
A3-01,Section 1,3,0.91,154
A3-01,Section 1,3,0.91,155
A3-01,Section 1,3,0.9,156
A3-01,Section 1,3,0.89,157
A3-01,Section 1,3,0.89,158
A3-01,Section 1,3,0.88,159
A3-01,Section 1,3,0.9,160
A3-01,Section 1,3,0.89,161
A3-01,Section 1,3,0.88,162
A3-01,Section 1,3,0.88,163
A3-01,Section 1,3,0.87,164
A3-01,Section 1,3,0.86,165
A3-01,Section 1,3,0.86,166
A3-01,Section 1,3,0.85,167
A3-01,Section 1,3,0.84,168
A3-01,Section 1,3,0.84,169
A3-01,Section 1,3,0.85,170
A3-01,Section 1,3,0.85,171
A3-01,Section 1,3,0.86,172
A3-01,Section 1,3,0.84,173
A3-01,Section 1,3,0.85,174
A3-01,Section 1,3,0.84,175
A3-01,Section 1,3,0.84,176
A3-01,Section 1,3,0.84,177
A3-01,Section 1,3,0.83,178
A3-01,Section 1,3,0.83,179
A3-01,Section 1,3,0.83,180
A3-01,Section 1,3,0.82,181
A3-01,Section 1,3,0.81,182
A3-01,Section 1,3,0.81,183
A3-01,Section 1,3,0.79,184
A3-01,Section 1,3,0.79,185
A3-01,Section 1,3,0.78,186
A3-01,Section 1,3,0.77,187
A3-01,Section 1,3,0.76,188
A3-01,Section 1,3,0.75,189
A3-01,Section 1,3,0.75,190
A3-01,Section 1,3,0.73,191
A3-01,Section 1,3,0.73,192
A3-01,Section 1,3,0.73,193
A3-01,Section 1,3,0.73,194
A3-01,Section 1,3,0.73,195
A3-01,Section 1,3,0.71,196
A3-01,Section 1,3,0.72,197
A3-01,Section 1,3,0.72,198
A3-01,Section 1,3,0.71,199
A3-01,Section 1,3,0.7,200
A3-01,Section 1,3,0.71,201
A3-01,Section 1,3,0.7,202
A3-01,Section 1,3,0.69,203
A3-01,Section 1,3,0.67,204
A3-01,Section 1,3,0.66,205
A3-01,Section 1,3,0.66,206
A3-01,Section 1,3,0.65,207
A3-01,Section 1,3,0.64,208
A3-01,Section 1,3,0.64,209
A3-01,Section 1,3,0.63,210
A3-01,Section 1,3,0.63,211
A3-01,Section 1,3,0.61,212
A3-01,Section 1,3,0.6,213
A3-01,Section 1,3,0.6,214
A3-01,Section 1,3,0.59,215
A3-01,Section 1,3,0.56,216
A3-01,Section 1,3,0.58,217
A3-01,Section 1,3,0.57,218
A3-01,Section 1,3,0.57,219
A3-01,Section 1,3,0.58,220
A3-01,Section 1,3,0.57,221
A3-01,Section 1,3,0.54,222
A3-01,Section 1,3,0.54,223
A3-01,Section 1,3,0.53,224
A3-01,Section 1,3,0.54,225
A3-01,Section 1,3,0.52,226
A3-01,Section 1,3,0.51,227
A3-01,Section 1,3,0.5,228
A3-01,Section 1,3,0.48,229
A3-01,Section 1,3,0.47,230
A3-01,Section 1,3,0.46,231
A3-01,Section 1,3,0.44,232
A3-01,Section 1,3,0.43,233
A3-01,Section 1,3,0.44,234
A3-01,Section 1,3,0.43,235
A3-01,Section 1,3,0.41,236
A3-01,Section 1,3,0.4,237
A3-01,Section 1,3,0.4,238
A3-01,Section 1,3,0.4,239
A3-01,Section 1,3,0.4,240
A3-01,Section 1,3,0.38,241
A3-01,Section 1,3,0.38,242
A3-01,Section 1,3,0.37,243
A3-01,Section 1,3,0.36,244
A3-01,Section 1,3,0.36,245
A3-01,Section 1,3,0.35,246
A3-01,Section 1,3,0.34,247
A3-01,Section 1,3,0.32,248
A3-01,Section 1,3,0.33,249
A3-01,Section 1,3,0.32,250
A3-01,Section 1,3,0.29,251
A3-01,Section 1,3,0.29,252
A3-01,Section 1,3,0.29,253
A3-01,Section 1,3,0.27,254
A3-01,Section 1,3,0.26,255
A3-01,Section 1,3,0.26,256
A3-01,Section 1,3,0.25,257
A3-01,Section 1,3,0.22,258
A3-01,Section 1,3,0.22,259
A3-01,Section 1,3,0.23,260
A3-01,Section 1,3,0.21,261
A3-01,Section 1,3,0.19,262
A3-01,Section 1,3,0.18,263
A3-01,Section 1,3,0.17,264
A3-01,Section 1,3,0.16,265
A3-01,Section 1,3,0.16,266
A3-01,Section 1,3,0.15,267
A3-01,Section 1,3,0.15,268
A3-01,Section 1,3,0.13,269
A3-01,Section 1,3,0.12,270
A3-01,Section 1,3,0.12,271
A3-01,Section 1,3,0.11,272
A3-01,Section 1,3,0.1,273
A3-01,Section 1,3,0.08,274
A3-01,Section 1,3,0.07,275
A3-01,Section 1,3,0.07,276
A3-01,Section 1,3,0.05,277
A3-01,Section 1,3,0.04,278
A3-01,Section 1,3,0.02,279
A3-01,Section 1,3,0.02,280
A3-01,Section 1,3,0.01,281
A3-01,Section 1,3,-0.01,282
A3-01,Section 1,3,-0.03,283
A3-01,Section 1,3,-0.04,284
A3-01,Section 1,3,-0.06,285
A3-01,Section 1,3,-0.06,286
A3-01,Section 1,3,-0.06,287
A3-01,Section 1,3,-0.08,288
A3-01,Section 1,3,-0.08,289
A3-01,Section 1,3,-0.1,290
A3-01,Section 1,3,-0.09,291
A3-01,Section 1,3,-0.1,292
A3-01,Section 1,3,-0.14,293
A3-01,Section 1,3,-0.14,294
A3-01,Section 1,3,-0.14,295
A3-01,Section 1,3,-0.16,296
A3-01,Section 1,3,-0.17,297
A3-01,Section 1,3,-0.19,298
A3-01,Section 1,3,-0.21,299
A3-01,Section 1,3,-0.21,300
A3-01,Section 1,3,-0.22,301
A3-01,Section 1,3,-0.24,302
A3-01,Section 1,3,-0.25,303
A3-01,Section 1,3,-0.25,304
A3-01,Section 1,3,-0.25,305
A3-01,Section 1,3,-0.28,306
A3-01,Section 1,3,-0.29,307
A3-01,Section 1,3,-0.32,308
A3-01,Section 1,3,-0.34,309
A3-01,Section 1,3,-0.36,310
A3-01,Section 1,3,-0.36,311
A3-01,Section 1,3,-0.38,312
A3-01,Section 1,3,-0.38,313
A3-01,Section 1,3,-0.38,314
A3-01,Section 1,3,-0.41,315
A3-01,Section 1,3,-0.42,316
A3-01,Section 1,3,-0.45,317
A3-01,Section 1,3,-0.45,318
A3-01,Section 1,3,-0.46,319
A3-01,Section 1,3,-0.48,320
A3-01,Section 1,3,-0.48,321
A3-01,Section 1,3,-0.51,322
A3-01,Section 1,3,-0.53,323
A3-01,Section 1,3,-0.54,324
A3-01,Section 1,3,-0.57,325
A3-01,Section 1,3,-0.59,326
A3-01,Section 1,3,-0.61,327
A3-01,Section 1,3,-0.62,328
A3-01,Section 1,3,-0.65,329
A3-01,Section 1,3,-0.67,330
A3-01,Section 1,3,-0.71,331
A3-01,Section 1,3,-0.75,332
A3-01,Section 1,3,-0.79,333
A3-01,Section 1,3,-0.83,334
A3-01,Section 1,3,-0.86,335
A3-01,Section 1,3,-0.9,336
A3-01,Section 1,3,-0.95,337
A3-01,Section 1,3,-1,338
A3-01,Section 1,3,-1.07,339
A3-01,Section 1,3,-1.14,340
A3-01,Section 1,3,-1.23,341
A3-01,Section 1,3,-1.32,342
A3-01,Section 1,3,-1.42,343
A3-01,Section 1,3,-1.51,344
A3-01,Section 1,3,-1.63,345
A3-01,Section 1,3,-1.75,346
A3-01,Section 1,3,-1.92,347
A3-01,Section 1,3,-2.06,348
A3-01,Section 1,3,-1.92,349
A3-01,Section 1,3,-1.92,350
A3-01,Section 1,3,-2.04,351
A3-01,Section 1,3,-2.21,352
A3-01,Section 1,3,-2.48,353
A3-01,Section 1,3,-2.61,354
A3-01,Section 1,3,-2.55,355
A3-01,Section 1,3,-2.48,356
A3-01,Section 1,3,-2.36,357
A3-01,Section 1,3,-2.33,358
A3-01,Section 1,3,-2.29,359
A3-01,Section 1,3,-2.31,360
A3-01,Section 1,3,-2.46,361
A3-01,Section 1,3,-2.59,362
A3-01,Section 1,3,-2.71,363
A3-01,Section 1,3,-2.58,364
A3-01,Section 1,3,-2.49,365
A3-01,Section 1,3,-2.47,366
A3-01,Section 1,3,-2.49,367
A3-01,Section 1,3,-2.56,368
A3-01,Section 1,3,-2.61,369
A3-01,Section 1,3,-2.6,370
A3-01,Section 1,3,-2.6,371
A3-01,Section 1,3,-2.57,372
A3-01,Section 1,3,-2.56,373
A3-01,Section 1,3,-2.6,374
A3-01,Section 1,3,-2.71,375
A3-01,Section 1,3,-2.66,376
A3-01,Section 1,3,-2.66,377
A3-01,Section 1,3,-2.79,378
A3-01,Section 1,3,-2.61,379
A3-01,Section 1,3,-2.56,380
A3-01,Section 1,3,-2.44,381
A3-01,Section 1,3,-2.38,382
A3-01,Section 1,3,-2.42,383
A3-01,Section 1,3,-2.43,384
A3-01,Section 1,3,-2.51,385
A3-01,Section 1,3,-2.61,386
A3-01,Section 1,3,-2.63,387
A3-01,Section 1,3,-2.64,388
A3-01,Section 1,3,-2.55,389
A3-01,Section 1,3,-2.45,390
A3-01,Section 1,3,-2.48,391
A3-01,Section 1,3,-2.44,392
A3-01,Section 1,3,-2.43,393
A3-01,Section 1,3,-2.41,394
A3-01,Section 1,3,-2.31,395
A3-01,Section 1,3,-2.29,396
A3-01,Section 1,3,-2.31,397
A3-01,Section 1,3,-2.25,398
A3-01,Section 1,3,-2.29,399
A3-01,Section 1,3,-2.34,400
A3-01,Section 1,3,-2.33,401
A3-01,Section 1,3,-2.21,402
A3-01,Section 1,3,-2.09,403
A3-01,Section 1,3,-2.06,404
A3-01,Section 1,3,-2.04,405
A3-01,Section 1,3,-1.9,406
A3-01,Section 1,3,-1.63,407
A3-01,Section 1,3,-1.65,408
A3-01,Section 1,3,-1.7,409
A3-01,Section 1,3,-1.74,410
A3-01,Section 1,3,-1.7,411
A3-01,Section 1,3,-1.62,412
A3-01,Section 1,3,-1.7,413
A3-01,Section 1,3,-1.8,414
A3-01,Section 1,3,-1.87,415
A3-01,Section 1,3,-1.76,416
A3-01,Section 1,3,-1.63,417
A3-01,Section 1,3,-1.51,418
A3-01,Section 1,3,-1.38,419
A3-01,Section 1,3,-1.39,420
A3-01,Section 1,3,-1.44,421
A3-01,Section 1,3,-1.47,422
A3-01,Section 1,3,-1.54,423
A3-01,Section 1,3,-1.57,424
A3-01,Section 1,3,-1.62,425
A3-01,Section 1,3,-1.48,426
A3-01,Section 1,3,-1.4,427
A3-01,Section 1,3,-1.37,428
A3-01,Section 1,3,-1.35,429
A3-01,Section 1,3,-1.35,430
A3-01,Section 1,3,-1.36,431
A3-01,Section 1,3,-1.37,432
A3-01,Section 1,3,-1.34,433
A3-01,Section 1,3,-1.33,434
A3-01,Section 1,3,-1.32,435
A3-01,Section 1,3,-1.38,436
A3-01,Section 1,3,-1.44,437
A3-01,Section 1,3,-1.54,438
A3-01,Section 1,3,-1.66,439
A3-01,Section 1,3,-1.69,440
A3-01,Section 1,3,-1.74,441
A3-01,Section 1,3,-1.8,442
A3-01,Section 1,3,-1.81,443
A3-01,Section 1,3,-1.68,444
A3-01,Section 1,3,-1.6,445
A3-01,Section 1,3,-1.58,446
A3-01,Section 1,3,-1.61,447
A3-01,Section 1,3,-1.66,448
A3-01,Section 1,3,-1.74,449
A3-01,Section 1,3,-1.81,450
A3-01,Section 1,3,-1.85,451
A3-01,Section 1,3,-2.04,452
A3-01,Section 1,3,-2.06,453
A3-01,Section 1,3,-2.12,454
A3-01,Section 1,3,-2.04,455
A3-01,Section 1,3,-2.14,456
A3-01,Section 1,3,-2.18,457
A3-01,Section 1,3,-2.24,458
A3-01,Section 1,3,-2.22,459
A3-01,Section 1,3,-2.21,460
A3-01,Section 1,3,-2.19,461
A3-01,Section 1,3,-2.14,462
A3-01,Section 1,3,-2.11,463
A3-01,Section 1,3,-2.33,464
A3-01,Section 1,3,-2.43,465
A3-01,Section 1,3,-2.35,466
A3-01,Section 1,3,-2.07,467
A3-01,Section 1,3,-2.08,468
A3-01,Section 1,3,-2.29,469
A3-01,Section 1,3,-2.46,470
A3-01,Section 1,3,-2.25,471
A3-01,Section 1,3,-2.15,472
A3-01,Section 1,3,-2.18,473
A3-01,Section 1,3,-2.27,474
A3-01,Section 1,3,-2.36,475
A3-01,Section 1,3,-2.44,476
A3-01,Section 1,3,-2.57,477
A3-01,Section 1,3,-2.7,478
A3-01,Section 1,3,-2.7,479
A3-01,Section 1,3,-2.63,480
A3-01,Section 1,3,-2.55,481
A3-01,Section 1,3,-2.59,482
A3-01,Section 1,3,-2.64,483
A3-01,Section 1,3,-2.69,484
A3-01,Section 1,3,-2.73,485
A3-01,Section 1,3,-2.84,486
A3-01,Section 1,3,-2.9,487
A3-01,Section 1,3,-2.89,488
A3-01,Section 1,3,-2.91,489
A3-01,Section 1,3,-2.9,490
A3-01,Section 1,3,-2.91,491
A3-01,Section 1,3,-2.94,492
A3-01,Section 1,3,-2.93,493
A3-01,Section 1,3,-2.86,494
A3-01,Section 1,3,-2.82,495
A3-01,Section 1,3,-2.76,496
A3-01,Section 1,3,-2.9,497
A3-01,Section 1,3,-3,498
A3-01,Section 1,3,-3,499
A3-01,Section 1,3,-3,500
A3-01,Section 1,3,-3,501
A3-01,Section 1,3,-3,502
A3-01,Section 1,3,-3,503
A3-01,Section 1,3,-3,504
A3-01,Section 1,3,-3,505
A3-01,Section 1,3,-3,506
A3-01,Section 1,3,-3,507
A3-01,Section 1,3,-3,508
A3-01,Section 1,3,-3,509
A3-01,Section 1,3,-3,510
A3-01,Section 1,3,-3,511
A3-01,Section 1,3,-3,512
A3-01,Section 1,3,-3,513
A3-01,Section 1,3,-3,514
A3-01,Section 1,3,-3,515
A3-01,Section 1,3,-3,516
A3-01,Section 1,3,-3,517
A3-01,Section 1,3,-3,518
A3-01,Section 1,3,-3,519
A3-01,Section 1,3,-3,520
A3-01,Section 1,3,-3,521
A3-01,Section 1,3,-3,522
A3-01,Section 1,3,-3,523
A3-01,Section 1,3,-3,524
A3-01,Section 1,3,-3,525
A3-01,Section 1,3,-3,526
A3-01,Section 1,3,-3,527
A3-01,Section 1,3,-3,528
A3-01,Section 1,3,-3,529
A3-01,Section 1,3,-3,530
A3-01,Section 1,3,-3,531
A3-01,Section 1,3,-3,532
A3-01,Section 1,3,-3,533
A3-01,Section 1,3,-3,534
A3-01,Section 1,3,-3,535
A3-01,Section 1,3,-3,536
A3-01,Section 1,3,-3,537
A3-01,Section 1,3,-3,538
A3-01,Section 1,3,-3,539
A3-01,Section 1,3,-3,540
A3-01,Section 1,3,-3,541
A3-01,Section 1,3,-3,542
A3-01,Section 1,3,-3,543
A3-01,Section 1,3,-3,544
A3-01,Section 1,3,-3,545
A3-01,Section 1,3,-3,546
A3-01,Section 1,3,-3,547
A3-01,Section 1,3,-3,548
A3-01,Section 1,3,-3,549
A3-01,Section 1,3,-3,550
A3-01,Section 1,3,-3,551
A3-01,Section 1,3,-3,552
A3-01,Section 1,3,-3,553
A3-01,Section 1,3,-3,554
A3-01,Section 1,3,-3,555
A3-01,Section 1,3,-3,556
A3-01,Section 1,3,-3,557
A3-01,Section 1,3,-3,558
A3-01,Section 1,3,-3,559
A3-01,Section 1,3,-3,560
A3-01,Section 1,3,-3,561
A3-01,Section 1,3,-3,562
A3-01,Section 1,3,-3,563
A3-01,Section 1,3,-3,564
A3-01,Section 1,3,-3,565
A3-01,Section 1,3,-3,566
A3-01,Section 1,3,-3,567
A3-01,Section 1,3,-3,568
A3-01,Section 1,3,-3,569
A3-01,Section 1,3,-3,570
A3-01,Section 1,3,-3,571
A3-01,Section 1,3,-3,572
A3-01,Section 1,3,-3,573
A3-01,Section 1,3,-3,574
A3-01,Section 1,3,-3,575
A3-01,Section 1,3,-3,576
A3-01,Section 1,3,-3,577
A3-01,Section 1,3,-3,578
A3-01,Section 1,3,-3,579
A3-01,Section 1,3,-3,580
A3-01,Section 1,3,-3,581
A3-01,Section 1,3,-3,582
A3-01,Section 1,3,-3,583
A3-01,Section 1,3,-3,584
A3-01,Section 1,3,-3,585
A3-01,Section 1,3,-3,586
A3-01,Section 1,3,-3,587
A3-01,Section 1,3,-3,588
A3-01,Section 1,3,-3,589
A3-01,Section 1,3,-3,590
A3-01,Section 1,3,-3,591
A3-01,Section 1,3,-3,592
A3-01,Section 1,3,-3,593
A3-01,Section 1,3,-3,594
A3-01,Section 1,3,-3,595
A3-01,Section 1,3,-3,596
A3-01,Section 1,3,-3,597
A3-01,Section 1,3,-3,598
A3-01,Section 1,3,-3,599
A3-01,Section 1,3,-3,600
A3-01,Section 1,3,-3,601
A3-01,Section 1,3,-3,602
A3-01,Section 1,3,-3,603
A3-01,Section 1,3,-3,604
A3-01,Section 1,3,-3,605
A3-01,Section 1,3,-3,606
A3-01,Section 1,3,-3,607
A3-01,Section 1,3,-3,608
A3-01,Section 1,3,-3,609
A3-01,Section 1,3,-3,610
A3-01,Section 1,3,-3,611
A3-01,Section 1,3,-3,612
A3-01,Section 1,3,-3,613
A3-01,Section 1,3,-3,614
A3-01,Section 1,3,-3,615
A3-01,Section 1,3,-3,616
A3-01,Section 1,3,-3,617
A3-01,Section 1,3,-3,618
A3-01,Section 1,3,-3,619
A3-01,Section 1,3,-3,620
A3-01,Section 1,3,-3,621
A3-01,Section 1,3,-3,622
A3-01,Section 1,3,-3,623
A3-01,Section 1,3,-3,624
A3-01,Section 1,3,-3,625
A3-01,Section 1,3,-3,626
A3-01,Section 1,3,-3,627
A3-01,Section 1,3,-3,628
A3-01,Section 1,3,-3,629
A3-01,Section 1,3,-3,630
A3-01,Section 1,3,-3,631
A3-01,Section 1,3,-3,632
A3-01,Section 1,3,-3,633
A3-01,Section 1,3,-3,634
A3-01,Section 1,3,-3,635
A3-01,Section 1,3,-3,636
A3-01,Section 1,3,-3,637
A3-01,Section 1,3,-3,638
A3-01,Section 1,3,-3,639
A3-01,Section 1,3,-3,640
A3-01,Section 1,3,-3,641
A3-01,Section 1,3,-3,642
A3-01,Section 1,3,-3,643
A3-01,Section 1,3,-3,644
A3-01,Section 1,3,-3,645
A3-01,Section 1,3,-3,646
A3-01,Section 1,3,-3,647
A3-01,Section 1,3,-3,648
A3-01,Section 1,3,-3,649
A3-01,Section 1,3,-3,650
A3-01,Section 1,3,-3,651
A3-01,Section 1,3,-3,652
A3-01,Section 1,3,-3,653
A3-01,Section 1,3,-3,654
A3-01,Section 1,3,-3,655
A3-01,Section 1,3,-3,656
A3-01,Section 1,3,-3,657
A3-01,Section 1,3,-3,658
A3-01,Section 1,3,-3,659
A3-01,Section 1,3,-3,660
A3-01,Section 1,3,-3,661
A3-01,Section 1,3,-3,662
A3-01,Section 1,3,-3,663
A3-01,Section 1,3,-3,664
A3-01,Section 1,3,-3,665
A3-01,Section 1,3,-3,666
A3-01,Section 1,3,-3,667
A3-01,Section 1,3,-3,668
A3-01,Section 1,3,-3,669
A3-01,Section 1,3,-3,670
A3-01,Section 1,3,-3,671
A3-01,Section 1,3,-3,672
A3-01,Section 1,3,-3,673
A3-01,Section 1,3,-3,674
A3-01,Section 1,3,-3,675
A3-01,Section 1,3,-3,676
A3-01,Section 1,3,-3,677
A3-01,Section 1,3,-3,678
A3-01,Section 1,3,-3,679
A3-01,Section 1,3,-3,680
A3-01,Section 1,3,-3,681
A3-01,Section 1,3,-3,682
A3-01,Section 1,3,-3,683
A3-01,Section 1,3,-3,684
A3-01,Section 1,3,-3,685
A3-01,Section 1,3,-3,686
A3-01,Section 1,3,-3,687
A3-01,Section 1,3,-3,688
A3-01,Section 1,3,-3,689
A3-01,Section 1,3,-3,690
A3-01,Section 1,3,-3,691
A3-01,Section 1,3,-3,692
A3-01,Section 1,3,-3,693
A3-01,Section 1,3,-3,694
A3-01,Section 1,3,-3,695
A3-01,Section 1,3,-3,696
A3-01,Section 1,3,-3,697
A3-01,Section 1,3,-3,698
A3-01,Section 1,3,-3,699
A3-01,Section 1,3,-3,700
A3-01,Section 1,3,-3,701
A3-01,Section 1,3,-3,702
A3-01,Section 1,3,-3,703
A3-01,Section 1,3,-3,704
A3-01,Section 1,3,-3,705
A3-01,Section 1,3,-3,706
A3-01,Section 1,3,-3,707
A3-01,Section 1,3,-3,708
A3-01,Section 1,3,-3,709
A3-01,Section 1,3,-3,710
A3-01,Section 1,3,-3,711
A3-01,Section 1,3,-3,712
A3-01,Section 1,3,-2.87,713
A3-01,Section 1,3,-2.76,714
A3-01,Section 1,3,-2.66,715
A3-01,Section 1,3,-2.48,716
A3-01,Section 1,3,-2.32,717
A3-01,Section 1,3,-2.17,718
A3-01,Section 1,3,-2,719
A3-01,Section 1,3,-1.82,720
A3-01,Section 1,3,-1.66,721
A3-01,Section 1,3,-1.48,722
A3-01,Section 1,3,-1.33,723
A3-01,Section 1,3,-1.2,724
A3-01,Section 1,3,-1.08,725
A3-01,Section 1,3,-0.93,726
A3-01,Section 1,3,-0.82,727
A3-01,Section 1,3,-0.7,728
A3-01,Section 1,3,-0.58,729
A3-01,Section 1,3,-0.46,730
A3-01,Section 1,3,-0.37,731
A3-01,Section 1,3,-0.26,732
A3-01,Section 1,3,-0.18,733
A3-01,Section 1,3,-0.06,734
A3-01,Section 1,3,0.01,735
A3-01,Section 1,3,0.11,736
A3-01,Section 1,3,0.17,737
A3-01,Section 1,3,0.25,738
A3-01,Section 1,3,0.31,739
A3-01,Section 1,3,0.39,740
A3-01,Section 1,3,0.45,741
A3-01,Section 1,3,0.51,742
A3-01,Section 1,3,0.59,743
A3-01,Section 1,3,0.67,744
A3-01,Section 1,3,0.74,745
A3-01,Section 1,3,0.82,746
A3-01,Section 1,3,0.91,747
A3-01,Section 1,3,0.96,748
A3-01,Section 1,3,1.03,749
A3-01,Section 1,3,1.1,750
A3-01,Section 1,3,1.15,751
A3-01,Section 1,3,1.21,752
A3-01,Section 1,3,1.26,753
A3-01,Section 1,3,1.32,754
A3-01,Section 1,3,1.38,755
A3-01,Section 1,3,1.44,756
A3-01,Section 1,3,1.49,757
A3-01,Section 1,3,1.54,758
A3-01,Section 1,3,1.58,759
A3-01,Section 1,3,1.61,760
A3-01,Section 1,3,1.65,761
A3-01,Section 1,3,1.68,762
A3-01,Section 1,3,1.72,763
A3-01,Section 1,3,1.77,764
A3-01,Section 1,3,1.78,765
A3-01,Section 1,3,1.81,766
A3-01,Section 1,3,1.83,767
A3-01,Section 1,3,1.86,768
A3-01,Section 1,3,1.89,769
A3-01,Section 1,3,1.95,770
A3-01,Section 1,3,2.04,771
A3-01,Section 1,3,2.1,772
A3-01,Section 1,3,2.17,773
A3-01,Section 1,3,2.25,774
A3-01,Section 1,3,2.29,775
A3-01,Section 1,3,2.35,776
A3-01,Section 1,3,2.41,777
A3-01,Section 1,3,2.45,778
A3-01,Section 1,3,2.48,779
A3-01,Section 1,3,2.52,780
A3-01,Section 1,3,2.55,781
A3-01,Section 1,3,2.6,782
A3-01,Section 1,3,2.63,783
A3-01,Section 1,3,2.65,784
A3-01,Section 1,3,2.66,785
A3-01,Section 1,3,2.64,786
A3-01,Section 1,3,2.56,787
A3-01,Section 1,3,2.47,788
A3-01,Section 1,3,2.46,789
A3-01,Section 1,3,2.47,790
A3-01,Section 1,3,2.48,791
A3-01,Section 1,3,2.49,792
A3-01,Section 1,3,2.51,793
A3-01,Section 1,3,2.51,794
A3-01,Section 1,3,2.53,795
A3-01,Section 1,3,2.54,796
A3-01,Section 1,3,2.55,797
A3-01,Section 1,3,2.55,798
A3-01,Section 1,3,2.56,799
A3-01,Section 1,3,2.57,800
A3-01,Section 1,3,2.59,801
A3-01,Section 1,3,2.62,802
A3-01,Section 1,3,2.66,803
A3-01,Section 1,3,2.74,804
A3-01,Section 1,3,2.83,805
A3-01,Section 1,3,2.92,806
A3-01,Section 1,3,3,807
A3-01,Section 1,3,3.11,808
A3-01,Section 1,3,3.19,809
A3-01,Section 1,3,3.29,810
A3-01,Section 1,3,3.4,811
A3-01,Section 1,3,3.48,812
A3-01,Section 1,3,3.59,813
A3-01,Section 1,3,3.68,814
A3-01,Section 1,3,3.79,815
A3-01,Section 1,3,3.89,816
A3-01,Section 1,3,3.99,817
A3-01,Section 1,3,4.05,818
A3-01,Section 1,3,4.13,819
A3-01,Section 1,3,4.22,820
A3-01,Section 1,3,4.33,821
A3-01,Section 1,3,4.39,822
A3-01,Section 1,3,4.45,823
A3-01,Section 1,3,4.47,824
A3-01,Section 1,3,4.51,825
A3-01,Section 1,3,4.61,826
A3-01,Section 1,3,4.7,827
A3-01,Section 1,3,4.7,828
A3-01,Section 1,3,4.71,829
A3-01,Section 1,3,5.23,830
A3-01,Section 1,3,6.33,831
A3-01,Section 1,3,9.96,832
A3-01,Section 1,3,10.66,833
A3-01,Section 1,3,10.5,834
A3-01,Section 1,3,10.35,835
A3-01,Section 1,3,10.45,836
A3-01,Section 1,3,10.66,837
A3-01,Section 1,3,10.75,838
A3-01,Section 1,3,11.28,839
A3-01,Section 1,3,11.23,840
A3-01,Section 1,3,11.2,841
A3-01,Section 1,3,11.57,842
A3-01,Section 1,3,10.65,843
A3-01,Section 1,3,10.79,844
A3-01,Section 1,3,10.77,845
A3-01,Section 1,3,10.79,846
A3-01,Section 1,3,10.97,847
A3-01,Section 1,3,11.09,848
A3-01,Section 1,3,11.2,849
A3-01,Section 1,3,11.33,850
A3-01,Section 1,3,11.42,851
A3-01,Section 1,3,11.51,852
A3-01,Section 1,3,11.66,853
A3-01,Section 1,3,11.76,854
A3-01,Section 1,3,11.93,855
A3-01,Section 1,3,12.11,856
A3-01,Section 1,3,12.24,857
A3-01,Section 1,3,12.37,858
A3-01,Section 1,3,12.49,859
A3-01,Section 1,3,12.62,860
A3-01,Section 1,3,12.76,861
A3-01,Section 1,3,12.88,862
A3-01,Section 1,3,13,863
A3-01,Section 1,3,0,864
A3-01,Section 1,3,0,865
A3-01,Section 1,3,0,866
A3-01,Section 1,3,0,867
A3-01,Section 1,3,0,868
A3-01,Section 1,3,0,869
A3-01,Section 1,3,0,870
A3-01,Section 1,3,0,871
A3-01,Section 1,3,0,872
A3-01,Section 1,3,0,873
A3-01,Section 1,3,0,874
A3-01,Section 1,3,0,875
A3-01,Section 1,3,0,876
A3-01,Section 1,3,0,877
A3-01,Section 1,3,0,878
A3-01,Section 1,3,0,879
A3-01,Section 1,3,0,880
A3-01,Section 1,3,0,881
A3-01,Section 1,3,0,882
A3-01,Section 1,3,0,883
A3-01,Section 1,3,0,884
A3-01,Section 1,3,0,885
A3-01,Section 1,3,0,886
A3-01,Section 1,3,0,887
A3-01,Section 1,3,0,888
A3-01,Section 1,3,0,889
A3-01,Section 1,3,0,890
A3-01,Section 1,3,0,891
A3-01,Section 1,3,0,892
A3-02,Section 2,2,0,0
A3-02,Section 2,2,0,1
A3-02,Section 2,2,0,2
A3-02,Section 2,2,0,3
A3-02,Section 2,2,0,4
A3-02,Section 2,2,0,5
A3-02,Section 2,2,0,6
A3-02,Section 2,2,0,7
A3-02,Section 2,2,0,8
A3-02,Section 2,2,0,9
A3-02,Section 2,2,0,10
A3-02,Section 2,2,0,11
A3-02,Section 2,2,0,12
A3-02,Section 2,2,0,13
A3-02,Section 2,2,0,14
A3-02,Section 2,2,0,15
A3-02,Section 2,2,0,16
A3-02,Section 2,2,0,17
A3-02,Section 2,2,0,18
A3-02,Section 2,2,0,19
A3-02,Section 2,2,0,20
A3-02,Section 2,2,0,21
A3-02,Section 2,2,0,22
A3-02,Section 2,2,0,23
A3-02,Section 2,2,0,24
A3-02,Section 2,2,20.85,25
A3-02,Section 2,2,20.81,26
A3-02,Section 2,2,20.39,27
A3-02,Section 2,2,19.92,28
A3-02,Section 2,2,19.52,29
A3-02,Section 2,2,19.28,30
A3-02,Section 2,2,18.95,31
A3-02,Section 2,2,18.36,32
A3-02,Section 2,2,18.31,33
A3-02,Section 2,2,18.15,34
A3-02,Section 2,2,17.77,35
A3-02,Section 2,2,17.55,36
A3-02,Section 2,2,17.41,37
A3-02,Section 2,2,17.02,38
A3-02,Section 2,2,16.65,39
A3-02,Section 2,2,15.9,40
A3-02,Section 2,2,15.48,41
A3-02,Section 2,2,15.1,42
A3-02,Section 2,2,14.86,43
A3-02,Section 2,2,14.42,44
A3-02,Section 2,2,13.91,45
A3-02,Section 2,2,13.54,46
A3-02,Section 2,2,13.31,47
A3-02,Section 2,2,13.53,48
A3-02,Section 2,2,13.15,49
A3-02,Section 2,2,13.01,50
A3-02,Section 2,2,12.61,51
A3-02,Section 2,2,12.32,52
A3-02,Section 2,2,11.91,53
A3-02,Section 2,2,11.67,54
A3-02,Section 2,2,12.14,55
A3-02,Section 2,2,12.8,56
A3-02,Section 2,2,12.81,57
A3-02,Section 2,2,12.32,58
A3-02,Section 2,2,11.71,59
A3-02,Section 2,2,10.95,60
A3-02,Section 2,2,10.07,61
A3-02,Section 2,2,7.18,62
A3-02,Section 2,2,5.31,63
A3-02,Section 2,2,5.13,64
A3-02,Section 2,2,5.02,65
A3-02,Section 2,2,4.95,66
A3-02,Section 2,2,4.9,67
A3-02,Section 2,2,4.84,68
A3-02,Section 2,2,4.86,69
A3-02,Section 2,2,4.85,70
A3-02,Section 2,2,4.86,71
A3-02,Section 2,2,4.81,72
A3-02,Section 2,2,4.77,73
A3-02,Section 2,2,4.73,74
A3-02,Section 2,2,4.68,75
A3-02,Section 2,2,4.6,76
A3-02,Section 2,2,4.51,77
A3-02,Section 2,2,4.42,78
A3-02,Section 2,2,4.33,79
A3-02,Section 2,2,4.24,80
A3-02,Section 2,2,4.14,81
A3-02,Section 2,2,4.07,82
A3-02,Section 2,2,4.02,83
A3-02,Section 2,2,3.99,84
A3-02,Section 2,2,3.96,85
A3-02,Section 2,2,3.93,86
A3-02,Section 2,2,3.92,87
A3-02,Section 2,2,3.9,88
A3-02,Section 2,2,3.88,89
A3-02,Section 2,2,3.85,90
A3-02,Section 2,2,3.8,91
A3-02,Section 2,2,3.74,92
A3-02,Section 2,2,3.69,93
A3-02,Section 2,2,3.62,94
A3-02,Section 2,2,3.56,95
A3-02,Section 2,2,3.51,96
A3-02,Section 2,2,3.45,97
A3-02,Section 2,2,3.38,98
A3-02,Section 2,2,3.33,99
A3-02,Section 2,2,3.26,100
A3-02,Section 2,2,3.21,101
A3-02,Section 2,2,3.14,102
A3-02,Section 2,2,3.09,103
A3-02,Section 2,2,3.03,104
A3-02,Section 2,2,2.96,105
A3-02,Section 2,2,2.89,106
A3-02,Section 2,2,2.83,107
A3-02,Section 2,2,2.77,108
A3-02,Section 2,2,2.7,109
A3-02,Section 2,2,2.64,110
A3-02,Section 2,2,2.59,111
A3-02,Section 2,2,2.53,112
A3-02,Section 2,2,2.47,113
A3-02,Section 2,2,2.42,114
A3-02,Section 2,2,2.37,115
A3-02,Section 2,2,2.32,116
A3-02,Section 2,2,2.28,117
A3-02,Section 2,2,2.22,118
A3-02,Section 2,2,2.16,119
A3-02,Section 2,2,2.1,120
A3-02,Section 2,2,2.04,121
A3-02,Section 2,2,1.99,122
A3-02,Section 2,2,1.93,123
A3-02,Section 2,2,1.88,124
A3-02,Section 2,2,1.83,125
A3-02,Section 2,2,1.77,126
A3-02,Section 2,2,1.72,127
A3-02,Section 2,2,1.67,128
A3-02,Section 2,2,1.62,129
A3-02,Section 2,2,1.57,130
A3-02,Section 2,2,1.52,131
A3-02,Section 2,2,1.47,132
A3-02,Section 2,2,1.41,133
A3-02,Section 2,2,1.36,134
A3-02,Section 2,2,1.31,135
A3-02,Section 2,2,1.27,136
A3-02,Section 2,2,1.22,137
A3-02,Section 2,2,1.19,138
A3-02,Section 2,2,1.17,139
A3-02,Section 2,2,1.14,140
A3-02,Section 2,2,1.13,141
A3-02,Section 2,2,1.11,142
A3-02,Section 2,2,1.09,143
A3-02,Section 2,2,1.08,144
A3-02,Section 2,2,1.05,145
A3-02,Section 2,2,1.05,146
A3-02,Section 2,2,1.04,147
A3-02,Section 2,2,1.02,148
A3-02,Section 2,2,1.03,149
A3-02,Section 2,2,1.03,150
A3-02,Section 2,2,1.04,151
A3-02,Section 2,2,1.05,152
A3-02,Section 2,2,1.05,153
A3-02,Section 2,2,1.06,154
A3-02,Section 2,2,1.05,155
A3-02,Section 2,2,1.05,156
A3-02,Section 2,2,1.03,157
A3-02,Section 2,2,1.03,158
A3-02,Section 2,2,1.02,159
A3-02,Section 2,2,1.01,160
A3-02,Section 2,2,0.98,161
A3-02,Section 2,2,0.98,162
A3-02,Section 2,2,0.97,163
A3-02,Section 2,2,0.95,164
A3-02,Section 2,2,0.94,165
A3-02,Section 2,2,0.92,166
A3-02,Section 2,2,0.92,167
A3-02,Section 2,2,0.91,168
A3-02,Section 2,2,0.89,169
A3-02,Section 2,2,0.87,170
A3-02,Section 2,2,0.86,171
A3-02,Section 2,2,0.87,172
A3-02,Section 2,2,0.85,173
A3-02,Section 2,2,0.84,174
A3-02,Section 2,2,0.82,175
A3-02,Section 2,2,0.82,176
A3-02,Section 2,2,0.81,177
A3-02,Section 2,2,0.79,178
A3-02,Section 2,2,0.77,179
A3-02,Section 2,2,0.74,180
A3-02,Section 2,2,0.73,181
A3-02,Section 2,2,0.71,182
A3-02,Section 2,2,0.7,183
A3-02,Section 2,2,0.68,184
A3-02,Section 2,2,0.61,185
A3-02,Section 2,2,0.47,186
A3-02,Section 2,2,0.31,187
A3-02,Section 2,2,0.18,188
A3-02,Section 2,2,0.11,189
A3-02,Section 2,2,0.12,190
A3-02,Section 2,2,-0.03,191
A3-02,Section 2,2,-0.05,192
A3-02,Section 2,2,-0.06,193
A3-02,Section 2,2,-0.07,194
A3-02,Section 2,2,-0.07,195
A3-02,Section 2,2,-0.08,196
A3-02,Section 2,2,-0.05,197
A3-02,Section 2,2,-0.01,198
A3-02,Section 2,2,-0.03,199
A3-02,Section 2,2,-0.01,200
A3-02,Section 2,2,-0,201
A3-02,Section 2,2,0.05,202
A3-02,Section 2,2,0.05,203
A3-02,Section 2,2,0.08,204
A3-02,Section 2,2,0.11,205
A3-02,Section 2,2,0.1,206
A3-02,Section 2,2,0.12,207
A3-02,Section 2,2,0.13,208
A3-02,Section 2,2,0.15,209
A3-02,Section 2,2,0.14,210
A3-02,Section 2,2,0.16,211
A3-02,Section 2,2,0.18,212
A3-02,Section 2,2,0.19,213
A3-02,Section 2,2,0.2,214
A3-02,Section 2,2,0.22,215
A3-02,Section 2,2,0.23,216
A3-02,Section 2,2,0.24,217
A3-02,Section 2,2,0.26,218
A3-02,Section 2,2,0.28,219
A3-02,Section 2,2,0.28,220
A3-02,Section 2,2,0.3,221
A3-02,Section 2,2,0.32,222
A3-02,Section 2,2,0.33,223
A3-02,Section 2,2,0.33,224
A3-02,Section 2,2,0.36,225
A3-02,Section 2,2,0.39,226
A3-02,Section 2,2,0.41,227
A3-02,Section 2,2,0.41,228
A3-02,Section 2,2,0.41,229
A3-02,Section 2,2,0.41,230
A3-02,Section 2,2,0.42,231
A3-02,Section 2,2,0.43,232
A3-02,Section 2,2,0.42,233
A3-02,Section 2,2,0.42,234
A3-02,Section 2,2,0.43,235
A3-02,Section 2,2,0.43,236
A3-02,Section 2,2,0.42,237
A3-02,Section 2,2,0.42,238
A3-02,Section 2,2,0.42,239
A3-02,Section 2,2,0.41,240
A3-02,Section 2,2,0.41,241
A3-02,Section 2,2,0.4,242
A3-02,Section 2,2,0.38,243
A3-02,Section 2,2,0.37,244
A3-02,Section 2,2,0.37,245
A3-02,Section 2,2,0.36,246
A3-02,Section 2,2,0.37,247
A3-02,Section 2,2,0.35,248
A3-02,Section 2,2,0.35,249
A3-02,Section 2,2,0.35,250
A3-02,Section 2,2,0.35,251
A3-02,Section 2,2,0.33,252
A3-02,Section 2,2,0.33,253
A3-02,Section 2,2,0.34,254
A3-02,Section 2,2,0.33,255
A3-02,Section 2,2,0.31,256
A3-02,Section 2,2,0.32,257
A3-02,Section 2,2,0.32,258
A3-02,Section 2,2,0.31,259
A3-02,Section 2,2,0.34,260
A3-02,Section 2,2,0.39,261
A3-02,Section 2,2,0.41,262
A3-02,Section 2,2,0.43,263
A3-02,Section 2,2,0.44,264
A3-02,Section 2,2,0.42,265
A3-02,Section 2,2,0.43,266
A3-02,Section 2,2,0.42,267
A3-02,Section 2,2,0.38,268
A3-02,Section 2,2,0.41,269
A3-02,Section 2,2,0.38,270
A3-02,Section 2,2,0.4,271
A3-02,Section 2,2,0.37,272
A3-02,Section 2,2,0.36,273
A3-02,Section 2,2,0.35,274
A3-02,Section 2,2,0.34,275
A3-02,Section 2,2,0.34,276
A3-02,Section 2,2,0.35,277
A3-02,Section 2,2,0.33,278
A3-02,Section 2,2,0.32,279
A3-02,Section 2,2,0.33,280
A3-02,Section 2,2,0.31,281
A3-02,Section 2,2,0.3,282
A3-02,Section 2,2,0.29,283
A3-02,Section 2,2,0.27,284
A3-02,Section 2,2,0.26,285
A3-02,Section 2,2,0.26,286
A3-02,Section 2,2,0.24,287
A3-02,Section 2,2,0.25,288
A3-02,Section 2,2,0.24,289
A3-02,Section 2,2,0.22,290
A3-02,Section 2,2,0.22,291
A3-02,Section 2,2,0.22,292
A3-02,Section 2,2,0.23,293
A3-02,Section 2,2,0.22,294
A3-02,Section 2,2,0.25,295
A3-02,Section 2,2,0.24,296
A3-02,Section 2,2,0.25,297
A3-02,Section 2,2,0.24,298
A3-02,Section 2,2,0.23,299
A3-02,Section 2,2,0.2,300
A3-02,Section 2,2,0.19,301
A3-02,Section 2,2,0.17,302
A3-02,Section 2,2,0.14,303
A3-02,Section 2,2,0.11,304
A3-02,Section 2,2,0.08,305
A3-02,Section 2,2,0.05,306
A3-02,Section 2,2,-0.01,307
A3-02,Section 2,2,-0.06,308
A3-02,Section 2,2,-0.1,309
A3-02,Section 2,2,-0.16,310
A3-02,Section 2,2,-0.2,311
A3-02,Section 2,2,-0.26,312
A3-02,Section 2,2,-0.3,313
A3-02,Section 2,2,-0.35,314
A3-02,Section 2,2,-0.4,315
A3-02,Section 2,2,-0.46,316
A3-02,Section 2,2,-0.5,317
A3-02,Section 2,2,-0.57,318
A3-02,Section 2,2,-0.62,319
A3-02,Section 2,2,-0.69,320
A3-02,Section 2,2,-0.76,321
A3-02,Section 2,2,-0.83,322
A3-02,Section 2,2,-0.92,323
A3-02,Section 2,2,-1.02,324
A3-02,Section 2,2,-1.1,325
A3-02,Section 2,2,-1.19,326
A3-02,Section 2,2,-1.28,327
A3-02,Section 2,2,-1.34,328
A3-02,Section 2,2,-1.43,329
A3-02,Section 2,2,-1.51,330
A3-02,Section 2,2,-1.62,331
A3-02,Section 2,2,-1.71,332
A3-02,Section 2,2,-1.81,333
A3-02,Section 2,2,-1.89,334
A3-02,Section 2,2,-2.03,335
A3-02,Section 2,2,-2.14,336
A3-02,Section 2,2,-2.3,337
A3-02,Section 2,2,-2.43,338
A3-02,Section 2,2,-2.52,339
A3-02,Section 2,2,-2.68,340
A3-02,Section 2,2,-2.76,341
A3-02,Section 2,2,-3,342
A3-02,Section 2,2,-2.67,343
A3-02,Section 2,2,-3,344
A3-02,Section 2,2,-3,345
A3-02,Section 2,2,-3,346
A3-02,Section 2,2,-3,347
A3-02,Section 2,2,-3,348
A3-02,Section 2,2,-3,349
A3-02,Section 2,2,-3,350
A3-02,Section 2,2,-3,351
A3-02,Section 2,2,-3,352
A3-02,Section 2,2,-3,353
A3-02,Section 2,2,-3,354
A3-02,Section 2,2,-3,355
A3-02,Section 2,2,-3,356
A3-02,Section 2,2,-3,357
A3-02,Section 2,2,-3,358
A3-02,Section 2,2,-3,359
A3-02,Section 2,2,-3,360
A3-02,Section 2,2,-3,361
A3-02,Section 2,2,-3,362
A3-02,Section 2,2,-3,363
A3-02,Section 2,2,-3,364
A3-02,Section 2,2,-3,365
A3-02,Section 2,2,-3,366
A3-02,Section 2,2,-3,367
A3-02,Section 2,2,-3,368
A3-02,Section 2,2,-3,369
A3-02,Section 2,2,-3,370
A3-02,Section 2,2,-3,371
A3-02,Section 2,2,-3,372
A3-02,Section 2,2,-3,373
A3-02,Section 2,2,-3,374
A3-02,Section 2,2,-3,375
A3-02,Section 2,2,-3,376
A3-02,Section 2,2,-3,377
A3-02,Section 2,2,-3,378
A3-02,Section 2,2,-3,379
A3-02,Section 2,2,-3,380
A3-02,Section 2,2,-3,381
A3-02,Section 2,2,-3,382
A3-02,Section 2,2,-3,383
A3-02,Section 2,2,-3,384
A3-02,Section 2,2,-3,385
A3-02,Section 2,2,-3,386
A3-02,Section 2,2,-3,387
A3-02,Section 2,2,-3,388
A3-02,Section 2,2,-3,389
A3-02,Section 2,2,-3,390
A3-02,Section 2,2,-3,391
A3-02,Section 2,2,-3,392
A3-02,Section 2,2,-3,393
A3-02,Section 2,2,-3,394
A3-02,Section 2,2,-3,395
A3-02,Section 2,2,-3,396
A3-02,Section 2,2,-3,397
A3-02,Section 2,2,-3,398
A3-02,Section 2,2,-3,399
A3-02,Section 2,2,-3,400
A3-02,Section 2,2,-3,401
A3-02,Section 2,2,-3,402
A3-02,Section 2,2,-3,403
A3-02,Section 2,2,-3,404
A3-02,Section 2,2,-3,405
A3-02,Section 2,2,-3,406
A3-02,Section 2,2,-3,407
A3-02,Section 2,2,-3,408
A3-02,Section 2,2,-3,409
A3-02,Section 2,2,-3,410
A3-02,Section 2,2,-3,411
A3-02,Section 2,2,-3,412
A3-02,Section 2,2,-3,413
A3-02,Section 2,2,-3,414
A3-02,Section 2,2,-3,415
A3-02,Section 2,2,-3,416
A3-02,Section 2,2,-3,417
A3-02,Section 2,2,-3,418
A3-02,Section 2,2,-3,419
A3-02,Section 2,2,-3,420
A3-02,Section 2,2,-3,421
A3-02,Section 2,2,-3,422
A3-02,Section 2,2,-3,423
A3-02,Section 2,2,-3,424
A3-02,Section 2,2,-3,425
A3-02,Section 2,2,-3,426
A3-02,Section 2,2,-3,427
A3-02,Section 2,2,-3,428
A3-02,Section 2,2,-3,429
A3-02,Section 2,2,-3,430
A3-02,Section 2,2,-3,431
A3-02,Section 2,2,-3,432
A3-02,Section 2,2,-3,433
A3-02,Section 2,2,-3,434
A3-02,Section 2,2,-3,435
A3-02,Section 2,2,-3,436
A3-02,Section 2,2,-3,437
A3-02,Section 2,2,-3,438
A3-02,Section 2,2,-3,439
A3-02,Section 2,2,-3,440
A3-02,Section 2,2,-3,441
A3-02,Section 2,2,-3,442
A3-02,Section 2,2,-3,443
A3-02,Section 2,2,-3,444
A3-02,Section 2,2,-3,445
A3-02,Section 2,2,-3,446
A3-02,Section 2,2,-3,447
A3-02,Section 2,2,-3,448
A3-02,Section 2,2,-3,449
A3-02,Section 2,2,-3,450
A3-02,Section 2,2,-3,451
A3-02,Section 2,2,-3,452
A3-02,Section 2,2,-3,453
A3-02,Section 2,2,-3,454
A3-02,Section 2,2,-3,455
A3-02,Section 2,2,-3,456
A3-02,Section 2,2,-3,457
A3-02,Section 2,2,-3,458
A3-02,Section 2,2,-3,459
A3-02,Section 2,2,-3,460
A3-02,Section 2,2,-3,461
A3-02,Section 2,2,-3,462
A3-02,Section 2,2,-3,463
A3-02,Section 2,2,-3,464
A3-02,Section 2,2,-3,465
A3-02,Section 2,2,-3,466
A3-02,Section 2,2,-3,467
A3-02,Section 2,2,-3,468
A3-02,Section 2,2,-3,469
A3-02,Section 2,2,-3,470
A3-02,Section 2,2,-3,471
A3-02,Section 2,2,-3,472
A3-02,Section 2,2,-3,473
A3-02,Section 2,2,-3,474
A3-02,Section 2,2,-3,475
A3-02,Section 2,2,-3,476
A3-02,Section 2,2,-3,477
A3-02,Section 2,2,-3,478
A3-02,Section 2,2,-3,479
A3-02,Section 2,2,-3,480
A3-02,Section 2,2,-3,481
A3-02,Section 2,2,-3,482
A3-02,Section 2,2,-3,483
A3-02,Section 2,2,-3,484
A3-02,Section 2,2,-3,485
A3-02,Section 2,2,-3,486
A3-02,Section 2,2,-3,487
A3-02,Section 2,2,-3,488
A3-02,Section 2,2,-3,489
A3-02,Section 2,2,-3,490
A3-02,Section 2,2,-3,491
A3-02,Section 2,2,-3,492
A3-02,Section 2,2,-3,493
A3-02,Section 2,2,-3,494
A3-02,Section 2,2,-3,495
A3-02,Section 2,2,-3,496
A3-02,Section 2,2,-3,497
A3-02,Section 2,2,-3,498
A3-02,Section 2,2,-3,499
A3-02,Section 2,2,-3,500
A3-02,Section 2,2,-3,501
A3-02,Section 2,2,-3,502
A3-02,Section 2,2,-3,503
A3-02,Section 2,2,-3,504
A3-02,Section 2,2,-3,505
A3-02,Section 2,2,-3,506
A3-02,Section 2,2,-3,507
A3-02,Section 2,2,-3,508
A3-02,Section 2,2,-3,509
A3-02,Section 2,2,-3,510
A3-02,Section 2,2,-3,511
A3-02,Section 2,2,-3,512
A3-02,Section 2,2,-3,513
A3-02,Section 2,2,-3,514
A3-02,Section 2,2,-3,515
A3-02,Section 2,2,-3,516
A3-02,Section 2,2,-3,517
A3-02,Section 2,2,-3,518
A3-02,Section 2,2,-3,519
A3-02,Section 2,2,-3,520
A3-02,Section 2,2,-3,521
A3-02,Section 2,2,-3,522
A3-02,Section 2,2,-3,523
A3-02,Section 2,2,-3,524
A3-02,Section 2,2,-3,525
A3-02,Section 2,2,-3,526
A3-02,Section 2,2,-3,527
A3-02,Section 2,2,-3,528
A3-02,Section 2,2,-3,529
A3-02,Section 2,2,-3,530
A3-02,Section 2,2,-3,531
A3-02,Section 2,2,-3,532
A3-02,Section 2,2,-3,533
A3-02,Section 2,2,-3,534
A3-02,Section 2,2,-3,535
A3-02,Section 2,2,-3,536
A3-02,Section 2,2,-3,537
A3-02,Section 2,2,-2.98,538
A3-02,Section 2,2,-3,539
A3-02,Section 2,2,-2.98,540
A3-02,Section 2,2,-2.97,541
A3-02,Section 2,2,-2.92,542
A3-02,Section 2,2,-2.89,543
A3-02,Section 2,2,-2.82,544
A3-02,Section 2,2,-2.7,545
A3-02,Section 2,2,-2.6,546
A3-02,Section 2,2,-2.49,547
A3-02,Section 2,2,-2.37,548
A3-02,Section 2,2,-2.18,549
A3-02,Section 2,2,-2.09,550
A3-02,Section 2,2,-1.97,551
A3-02,Section 2,2,-1.9,552
A3-02,Section 2,2,-1.85,553
A3-02,Section 2,2,-1.8,554
A3-02,Section 2,2,-1.68,555
A3-02,Section 2,2,-1.65,556
A3-02,Section 2,2,-1.6,557
A3-02,Section 2,2,-1.47,558
A3-02,Section 2,2,-1.37,559
A3-02,Section 2,2,-1.28,560
A3-02,Section 2,2,-1.12,561
A3-02,Section 2,2,-1.02,562
A3-02,Section 2,2,-1.01,563
A3-02,Section 2,2,-0.97,564
A3-02,Section 2,2,-0.86,565
A3-02,Section 2,2,-0.82,566
A3-02,Section 2,2,-0.73,567
A3-02,Section 2,2,-0.66,568
A3-02,Section 2,2,-0.54,569
A3-02,Section 2,2,-0.46,570
A3-02,Section 2,2,-0.4,571
A3-02,Section 2,2,-0.31,572
A3-02,Section 2,2,-0.22,573
A3-02,Section 2,2,-0.13,574
A3-02,Section 2,2,-0.02,575
A3-02,Section 2,2,0.07,576
A3-02,Section 2,2,0.14,577
A3-02,Section 2,2,0.21,578
A3-02,Section 2,2,0.28,579
A3-02,Section 2,2,0.36,580
A3-02,Section 2,2,0.48,581
A3-02,Section 2,2,0.64,582
A3-02,Section 2,2,0.81,583
A3-02,Section 2,2,0.97,584
A3-02,Section 2,2,1.14,585
A3-02,Section 2,2,1.32,586
A3-02,Section 2,2,1.45,587
A3-02,Section 2,2,1.65,588
A3-02,Section 2,2,1.76,589
A3-02,Section 2,2,1.88,590
A3-02,Section 2,2,2.04,591
A3-02,Section 2,2,2.23,592
A3-02,Section 2,2,2.3,593
A3-02,Section 2,2,2.47,594
A3-02,Section 2,2,2.72,595
A3-02,Section 2,2,3.01,596
A3-02,Section 2,2,3.21,597
A3-02,Section 2,2,3.41,598
A3-02,Section 2,2,3.58,599
A3-02,Section 2,2,4.02,600
A3-02,Section 2,2,4.4,601
A3-02,Section 2,2,4.83,602
A3-02,Section 2,2,5.32,603
A3-02,Section 2,2,6.2,604
A3-02,Section 2,2,8.84,605
A3-02,Section 2,2,0,606
A3-02,Section 2,2,0,607
A3-02,Section 2,2,0,608
A3-02,Section 2,2,0,609
A3-02,Section 2,2,0,610
A3-02,Section 2,2,0,611
A3-02,Section 2,2,0,612
A3-02,Section 2,2,0,613
A3-02,Section 2,2,0,614
A3-02,Section 2,2,0,615
A3-02,Section 2,2,0,616
A3-02,Section 2,2,0,617
A3-02,Section 2,2,0,618
A3-02,Section 2,2,0,619
A3-02,Section 2,2,0,620
A3-02,Section 2,2,0,621
A3-02,Section 2,2,0,622
A3-02,Section 2,2,0,623
A3-02,Section 2,2,0,624
A3-02,Section 2,2,0,625
A3-02,Section 2,2,0,626
A3-02,Section 2,2,0,627
A3-02,Section 2,2,0,628
A3-02,Section 2,2,0,629
A3-02,Section 2,2,0,630
A3-02,Section 2,2,0,631
A3-03,Section 3,3,0,0
A3-03,Section 3,3,0,1
A3-03,Section 3,3,0,2
A3-03,Section 3,3,0,3
A3-03,Section 3,3,0,4
A3-03,Section 3,3,0,5
A3-03,Section 3,3,0,6
A3-03,Section 3,3,0,7
A3-03,Section 3,3,0,8
A3-03,Section 3,3,0,9
A3-03,Section 3,3,0,10
A3-03,Section 3,3,0,11
A3-03,Section 3,3,0,12
A3-03,Section 3,3,0,13
A3-03,Section 3,3,0,14
A3-03,Section 3,3,0,15
A3-03,Section 3,3,0,16
A3-03,Section 3,3,0,17
A3-03,Section 3,3,0,18
A3-03,Section 3,3,0,19
A3-03,Section 3,3,10.15,20
A3-03,Section 3,3,10.62,21
A3-03,Section 3,3,11.19,22
A3-03,Section 3,3,10.99,23
A3-03,Section 3,3,10.97,24
A3-03,Section 3,3,11.13,25
A3-03,Section 3,3,11.23,26
A3-03,Section 3,3,11.28,27
A3-03,Section 3,3,10.85,28
A3-03,Section 3,3,10.85,29
A3-03,Section 3,3,10.66,30
A3-03,Section 3,3,10.52,31
A3-03,Section 3,3,10.16,32
A3-03,Section 3,3,9.73,33
A3-03,Section 3,3,10.14,34
A3-03,Section 3,3,10.66,35
A3-03,Section 3,3,10.53,36
A3-03,Section 3,3,10.47,37
A3-03,Section 3,3,12.48,38
A3-03,Section 3,3,12.87,39
A3-03,Section 3,3,12.53,40
A3-03,Section 3,3,10.26,41
A3-03,Section 3,3,8.39,42
A3-03,Section 3,3,7.07,43
A3-03,Section 3,3,7.06,44
A3-03,Section 3,3,7.95,45
A3-03,Section 3,3,6.93,46
A3-03,Section 3,3,6.88,47
A3-03,Section 3,3,6.86,48
A3-03,Section 3,3,6.86,49
A3-03,Section 3,3,6.83,50
A3-03,Section 3,3,6.81,51
A3-03,Section 3,3,6.79,52
A3-03,Section 3,3,6.78,53
A3-03,Section 3,3,6.84,54
A3-03,Section 3,3,7.65,55
A3-03,Section 3,3,8.18,56
A3-03,Section 3,3,8.14,57
A3-03,Section 3,3,7.91,58
A3-03,Section 3,3,7.44,59
A3-03,Section 3,3,7.47,60
A3-03,Section 3,3,8.01,61
A3-03,Section 3,3,7.9,62
A3-03,Section 3,3,7.86,63
A3-03,Section 3,3,7.87,64
A3-03,Section 3,3,6.82,65
A3-03,Section 3,3,6.69,66
A3-03,Section 3,3,6.71,67
A3-03,Section 3,3,6.67,68
A3-03,Section 3,3,6.66,69
A3-03,Section 3,3,6.66,70
A3-03,Section 3,3,6.68,71
A3-03,Section 3,3,6.69,72
A3-03,Section 3,3,6.64,73
A3-03,Section 3,3,6.65,74
A3-03,Section 3,3,6.64,75
A3-03,Section 3,3,6.61,76
A3-03,Section 3,3,6.59,77
A3-03,Section 3,3,6.57,78
A3-03,Section 3,3,6.55,79
A3-03,Section 3,3,6.54,80
A3-03,Section 3,3,6.53,81
A3-03,Section 3,3,6.51,82
A3-03,Section 3,3,6.51,83
A3-03,Section 3,3,6.52,84
A3-03,Section 3,3,6.54,85
A3-03,Section 3,3,6.57,86
A3-03,Section 3,3,6.6,87
A3-03,Section 3,3,6.58,88
A3-03,Section 3,3,6.6,89
A3-03,Section 3,3,6.59,90
A3-03,Section 3,3,6.89,91
A3-03,Section 3,3,7.24,92
A3-03,Section 3,3,7.02,93
A3-03,Section 3,3,6.96,94
A3-03,Section 3,3,7.14,95
A3-03,Section 3,3,6.55,96
A3-03,Section 3,3,6.49,97
A3-03,Section 3,3,6.39,98
A3-03,Section 3,3,6.38,99
A3-03,Section 3,3,6.48,100
A3-03,Section 3,3,6.41,101
A3-03,Section 3,3,6.11,102
A3-03,Section 3,3,8.95,103
A3-03,Section 3,3,8.76,104
A3-03,Section 3,3,6.85,105
A3-03,Section 3,3,5.5,106
A3-03,Section 3,3,5.35,107
A3-03,Section 3,3,5.68,108
A3-03,Section 3,3,5.66,109
A3-03,Section 3,3,7.87,110
A3-03,Section 3,3,8.08,111
A3-03,Section 3,3,8.42,112
A3-03,Section 3,3,8.58,113
A3-03,Section 3,3,8.69,114
A3-03,Section 3,3,8.42,115
A3-03,Section 3,3,8.46,116
A3-03,Section 3,3,8.56,117
A3-03,Section 3,3,8.71,118
A3-03,Section 3,3,8.75,119
A3-03,Section 3,3,8.55,120
A3-03,Section 3,3,8.26,121
A3-03,Section 3,3,7.93,122
A3-03,Section 3,3,4.88,123
A3-03,Section 3,3,4.82,124
A3-03,Section 3,3,4.82,125
A3-03,Section 3,3,4.8,126
A3-03,Section 3,3,4.81,127
A3-03,Section 3,3,4.85,128
A3-03,Section 3,3,6.02,129
A3-03,Section 3,3,5.31,130
A3-03,Section 3,3,4.8,131
A3-03,Section 3,3,2.63,132
A3-03,Section 3,3,2.54,133
A3-03,Section 3,3,2.51,134
A3-03,Section 3,3,2.46,135
A3-03,Section 3,3,2.43,136
A3-03,Section 3,3,2.39,137
A3-03,Section 3,3,2.34,138
A3-03,Section 3,3,2.28,139
A3-03,Section 3,3,2.23,140
A3-03,Section 3,3,2.2,141
A3-03,Section 3,3,2.16,142
A3-03,Section 3,3,2.13,143
A3-03,Section 3,3,2.09,144
A3-03,Section 3,3,2.04,145
A3-03,Section 3,3,2,146
A3-03,Section 3,3,1.98,147
A3-03,Section 3,3,1.96,148
A3-03,Section 3,3,1.93,149
A3-03,Section 3,3,1.92,150
A3-03,Section 3,3,1.85,151
A3-03,Section 3,3,1.82,152
A3-03,Section 3,3,1.78,153
A3-03,Section 3,3,1.76,154
A3-03,Section 3,3,1.74,155
A3-03,Section 3,3,1.71,156
A3-03,Section 3,3,1.69,157
A3-03,Section 3,3,1.68,158
A3-03,Section 3,3,1.65,159
A3-03,Section 3,3,1.64,160
A3-03,Section 3,3,1.6,161
A3-03,Section 3,3,1.58,162
A3-03,Section 3,3,1.54,163
A3-03,Section 3,3,1.51,164
A3-03,Section 3,3,1.47,165
A3-03,Section 3,3,1.43,166
A3-03,Section 3,3,1.4,167
A3-03,Section 3,3,1.37,168
A3-03,Section 3,3,1.32,169
A3-03,Section 3,3,1.28,170
A3-03,Section 3,3,1.25,171
A3-03,Section 3,3,1.21,172
A3-03,Section 3,3,1.17,173
A3-03,Section 3,3,1.13,174
A3-03,Section 3,3,1.09,175
A3-03,Section 3,3,1.06,176
A3-03,Section 3,3,1.02,177
A3-03,Section 3,3,0.99,178
A3-03,Section 3,3,0.94,179
A3-03,Section 3,3,0.88,180
A3-03,Section 3,3,0.85,181
A3-03,Section 3,3,0.79,182
A3-03,Section 3,3,0.73,183
A3-03,Section 3,3,0.68,184
A3-03,Section 3,3,0.64,185
A3-03,Section 3,3,0.6,186
A3-03,Section 3,3,0.56,187
A3-03,Section 3,3,0.51,188
A3-03,Section 3,3,0.45,189
A3-03,Section 3,3,0.4,190
A3-03,Section 3,3,0.35,191
A3-03,Section 3,3,0.3,192
A3-03,Section 3,3,0.24,193
A3-03,Section 3,3,0.19,194
A3-03,Section 3,3,0.15,195
A3-03,Section 3,3,0.1,196
A3-03,Section 3,3,0.05,197
A3-03,Section 3,3,-0,198
A3-03,Section 3,3,-0.06,199
A3-03,Section 3,3,-0.08,200
A3-03,Section 3,3,-0.11,201
A3-03,Section 3,3,-0.17,202
A3-03,Section 3,3,-0.23,203
A3-03,Section 3,3,-0.28,204
A3-03,Section 3,3,-0.32,205
A3-03,Section 3,3,-0.37,206
A3-03,Section 3,3,-0.43,207
A3-03,Section 3,3,-0.5,208
A3-03,Section 3,3,-0.57,209
A3-03,Section 3,3,-0.61,210
A3-03,Section 3,3,-0.66,211
A3-03,Section 3,3,-0.69,212
A3-03,Section 3,3,-0.74,213
A3-03,Section 3,3,-0.77,214
A3-03,Section 3,3,-0.78,215
A3-03,Section 3,3,-0.83,216
A3-03,Section 3,3,-0.91,217
A3-03,Section 3,3,-0.92,218
A3-03,Section 3,3,-0.94,219
A3-03,Section 3,3,-0.99,220
A3-03,Section 3,3,-1.02,221
A3-03,Section 3,3,-1.02,222
A3-03,Section 3,3,-1.09,223
A3-03,Section 3,3,-1.13,224
A3-03,Section 3,3,-1.18,225
A3-03,Section 3,3,-1.24,226
A3-03,Section 3,3,-1.28,227
A3-03,Section 3,3,-1.33,228
A3-03,Section 3,3,-1.37,229
A3-03,Section 3,3,-1.44,230
A3-03,Section 3,3,-1.49,231
A3-03,Section 3,3,-1.55,232
A3-03,Section 3,3,-1.65,233
A3-03,Section 3,3,-1.66,234
A3-03,Section 3,3,-1.73,235
A3-03,Section 3,3,-1.77,236
A3-03,Section 3,3,-1.85,237
A3-03,Section 3,3,-1.87,238
A3-03,Section 3,3,-1.94,239
A3-03,Section 3,3,-1.99,240
A3-03,Section 3,3,-2.03,241
A3-03,Section 3,3,-2.08,242
A3-03,Section 3,3,-2.14,243
A3-03,Section 3,3,-2.25,244
A3-03,Section 3,3,-2.36,245
A3-03,Section 3,3,-2.47,246
A3-03,Section 3,3,-2.57,247
A3-03,Section 3,3,-2.69,248
A3-03,Section 3,3,-2.75,249
A3-03,Section 3,3,-2.84,250
A3-03,Section 3,3,-2.94,251
A3-03,Section 3,3,-3,252
A3-03,Section 3,3,-3,253
A3-03,Section 3,3,-3,254
A3-03,Section 3,3,-3,255
A3-03,Section 3,3,-3,256
A3-03,Section 3,3,-3,257
A3-03,Section 3,3,-3,258
A3-03,Section 3,3,-3,259
A3-03,Section 3,3,-3,260
A3-03,Section 3,3,-3,261
A3-03,Section 3,3,-3,262
A3-03,Section 3,3,-3,263
A3-03,Section 3,3,-3,264
A3-03,Section 3,3,-3,265
A3-03,Section 3,3,-3,266
A3-03,Section 3,3,-3,267
A3-03,Section 3,3,-3,268
A3-03,Section 3,3,-3,269
A3-03,Section 3,3,-3,270
A3-03,Section 3,3,-3,271
A3-03,Section 3,3,-3,272
A3-03,Section 3,3,-3,273
A3-03,Section 3,3,-3,274
A3-03,Section 3,3,-3,275
A3-03,Section 3,3,-3,276
A3-03,Section 3,3,-3,277
A3-03,Section 3,3,-3,278
A3-03,Section 3,3,-3,279
A3-03,Section 3,3,-3,280
A3-03,Section 3,3,-3,281
A3-03,Section 3,3,-3,282
A3-03,Section 3,3,-3,283
A3-03,Section 3,3,-3,284
A3-03,Section 3,3,-3,285
A3-03,Section 3,3,-3,286
A3-03,Section 3,3,-3,287
A3-03,Section 3,3,-3,288
A3-03,Section 3,3,-3,289
A3-03,Section 3,3,-3,290
A3-03,Section 3,3,-3,291
A3-03,Section 3,3,-3,292
A3-03,Section 3,3,-3,293
A3-03,Section 3,3,-3,294
A3-03,Section 3,3,-3,295
A3-03,Section 3,3,-3,296
A3-03,Section 3,3,-3,297
A3-03,Section 3,3,-3,298
A3-03,Section 3,3,-3,299
A3-03,Section 3,3,-3,300
A3-03,Section 3,3,-3,301
A3-03,Section 3,3,-3,302
A3-03,Section 3,3,-3,303
A3-03,Section 3,3,-3,304
A3-03,Section 3,3,-3,305
A3-03,Section 3,3,-3,306
A3-03,Section 3,3,-3,307
A3-03,Section 3,3,-3,308
A3-03,Section 3,3,-3,309
A3-03,Section 3,3,-3,310
A3-03,Section 3,3,-3,311
A3-03,Section 3,3,-3,312
A3-03,Section 3,3,-3,313
A3-03,Section 3,3,-3,314
A3-03,Section 3,3,-3,315
A3-03,Section 3,3,-3,316
A3-03,Section 3,3,-3,317
A3-03,Section 3,3,-3,318
A3-03,Section 3,3,-3,319
A3-03,Section 3,3,-3,320
A3-03,Section 3,3,-3,321
A3-03,Section 3,3,-3,322
A3-03,Section 3,3,-3,323
A3-03,Section 3,3,-3,324
A3-03,Section 3,3,-3,325
A3-03,Section 3,3,-3,326
A3-03,Section 3,3,-3,327
A3-03,Section 3,3,-3,328
A3-03,Section 3,3,-3,329
A3-03,Section 3,3,-3,330
A3-03,Section 3,3,-3,331
A3-03,Section 3,3,-3,332
A3-03,Section 3,3,-3,333
A3-03,Section 3,3,-3,334
A3-03,Section 3,3,-3,335
A3-03,Section 3,3,-3,336
A3-03,Section 3,3,-3,337
A3-03,Section 3,3,-3,338
A3-03,Section 3,3,-3,339
A3-03,Section 3,3,-3,340
A3-03,Section 3,3,-3,341
A3-03,Section 3,3,-3,342
A3-03,Section 3,3,-3,343
A3-03,Section 3,3,-3,344
A3-03,Section 3,3,-3,345
A3-03,Section 3,3,-3,346
A3-03,Section 3,3,-3,347
A3-03,Section 3,3,-3,348
A3-03,Section 3,3,-3,349
A3-03,Section 3,3,-3,350
A3-03,Section 3,3,-3,351
A3-03,Section 3,3,-3,352
A3-03,Section 3,3,-3,353
A3-03,Section 3,3,-3,354
A3-03,Section 3,3,-3,355
A3-03,Section 3,3,-3,356
A3-03,Section 3,3,-3,357
A3-03,Section 3,3,-3,358
A3-03,Section 3,3,-3,359
A3-03,Section 3,3,-3,360
A3-03,Section 3,3,-3,361
A3-03,Section 3,3,-3,362
A3-03,Section 3,3,-3,363
A3-03,Section 3,3,-3,364
A3-03,Section 3,3,-3,365
A3-03,Section 3,3,-3,366
A3-03,Section 3,3,-3,367
A3-03,Section 3,3,-3,368
A3-03,Section 3,3,-3,369
A3-03,Section 3,3,-3,370
A3-03,Section 3,3,-3,371
A3-03,Section 3,3,-3,372
A3-03,Section 3,3,-3,373
A3-03,Section 3,3,-3,374
A3-03,Section 3,3,-3,375
A3-03,Section 3,3,-3,376
A3-03,Section 3,3,-3,377
A3-03,Section 3,3,-3,378
A3-03,Section 3,3,-3,379
A3-03,Section 3,3,-3,380
A3-03,Section 3,3,-3,381
A3-03,Section 3,3,-3,382
A3-03,Section 3,3,-3,383
A3-03,Section 3,3,-3,384
A3-03,Section 3,3,-3,385
A3-03,Section 3,3,-3,386
A3-03,Section 3,3,-3,387
A3-03,Section 3,3,-3,388
A3-03,Section 3,3,-3,389
A3-03,Section 3,3,-3,390
A3-03,Section 3,3,-3,391
A3-03,Section 3,3,-3,392
A3-03,Section 3,3,-3,393
A3-03,Section 3,3,-3,394
A3-03,Section 3,3,-3,395
A3-03,Section 3,3,-3,396
A3-03,Section 3,3,-3,397
A3-03,Section 3,3,-3,398
A3-03,Section 3,3,-2.98,399
A3-03,Section 3,3,-2.87,400
A3-03,Section 3,3,-2.82,401
A3-03,Section 3,3,-2.8,402
A3-03,Section 3,3,-2.76,403
A3-03,Section 3,3,-2.72,404
A3-03,Section 3,3,-2.68,405
A3-03,Section 3,3,-2.67,406
A3-03,Section 3,3,-2.64,407
A3-03,Section 3,3,-2.63,408
A3-03,Section 3,3,-2.59,409
A3-03,Section 3,3,-2.52,410
A3-03,Section 3,3,-2.51,411
A3-03,Section 3,3,-2.5,412
A3-03,Section 3,3,-2.49,413
A3-03,Section 3,3,-2.41,414
A3-03,Section 3,3,-2.31,415
A3-03,Section 3,3,-2.22,416
A3-03,Section 3,3,-2.14,417
A3-03,Section 3,3,-2.31,418
A3-03,Section 3,3,-2.32,419
A3-03,Section 3,3,-2.23,420
A3-03,Section 3,3,-2.08,421
A3-03,Section 3,3,-2,422
A3-03,Section 3,3,-2.02,423
A3-03,Section 3,3,-2.07,424
A3-03,Section 3,3,-2.08,425
A3-03,Section 3,3,-2.05,426
A3-03,Section 3,3,-2.01,427
A3-03,Section 3,3,-1.94,428
A3-03,Section 3,3,-1.91,429
A3-03,Section 3,3,-1.92,430
A3-03,Section 3,3,-1.96,431
A3-03,Section 3,3,-2.02,432
A3-03,Section 3,3,-2.07,433
A3-03,Section 3,3,-2.11,434
A3-03,Section 3,3,-2.13,435
A3-03,Section 3,3,-2.15,436
A3-03,Section 3,3,-2.17,437
A3-03,Section 3,3,-2.19,438
A3-03,Section 3,3,-2.2,439
A3-03,Section 3,3,-2.25,440
A3-03,Section 3,3,-2.3,441
A3-03,Section 3,3,-2.36,442
A3-03,Section 3,3,-2.35,443
A3-03,Section 3,3,-2.29,444
A3-03,Section 3,3,-2.24,445
A3-03,Section 3,3,-2.15,446
A3-03,Section 3,3,-2.06,447
A3-03,Section 3,3,-1.97,448
A3-03,Section 3,3,-1.91,449
A3-03,Section 3,3,-1.84,450
A3-03,Section 3,3,-1.82,451
A3-03,Section 3,3,-1.82,452
A3-03,Section 3,3,-1.86,453
A3-03,Section 3,3,-1.93,454
A3-03,Section 3,3,-2.02,455
A3-03,Section 3,3,-2.1,456
A3-03,Section 3,3,-2.15,457
A3-03,Section 3,3,-2.13,458
A3-03,Section 3,3,-2.03,459
A3-03,Section 3,3,-1.92,460
A3-03,Section 3,3,-1.91,461
A3-03,Section 3,3,-1.9,462
A3-03,Section 3,3,-1.9,463
A3-03,Section 3,3,-1.95,464
A3-03,Section 3,3,-2.01,465
A3-03,Section 3,3,-2.09,466
A3-03,Section 3,3,-2.21,467
A3-03,Section 3,3,-2.32,468
A3-03,Section 3,3,-2.4,469
A3-03,Section 3,3,-2.38,470
A3-03,Section 3,3,-2.35,471
A3-03,Section 3,3,-2.33,472
A3-03,Section 3,3,-2.3,473
A3-03,Section 3,3,-2.3,474
A3-03,Section 3,3,-2.36,475
A3-03,Section 3,3,-2.43,476
A3-03,Section 3,3,-2.51,477
A3-03,Section 3,3,-2.59,478
A3-03,Section 3,3,-2.65,479
A3-03,Section 3,3,-2.78,480
A3-03,Section 3,3,-2.83,481
A3-03,Section 3,3,-2.91,482
A3-03,Section 3,3,-2.91,483
A3-03,Section 3,3,-2.75,484
A3-03,Section 3,3,-2.59,485
A3-03,Section 3,3,-2.49,486
A3-03,Section 3,3,-2.44,487
A3-03,Section 3,3,-2.4,488
A3-03,Section 3,3,-2.42,489
A3-03,Section 3,3,-2.47,490
A3-03,Section 3,3,-2.54,491
A3-03,Section 3,3,-2.56,492
A3-03,Section 3,3,-2.56,493
A3-03,Section 3,3,-2.56,494
A3-03,Section 3,3,-2.57,495
A3-03,Section 3,3,-2.58,496
A3-03,Section 3,3,-2.59,497
A3-03,Section 3,3,-2.59,498
A3-03,Section 3,3,-2.6,499
A3-03,Section 3,3,-2.61,500
A3-03,Section 3,3,-2.58,501
A3-03,Section 3,3,-2.56,502
A3-03,Section 3,3,-2.53,503
A3-03,Section 3,3,-2.53,504
A3-03,Section 3,3,-2.52,505
A3-03,Section 3,3,-2.52,506
A3-03,Section 3,3,-2.54,507
A3-03,Section 3,3,-2.59,508
A3-03,Section 3,3,-2.67,509
A3-03,Section 3,3,-2.71,510
A3-03,Section 3,3,-2.79,511
A3-03,Section 3,3,-2.77,512
A3-03,Section 3,3,-2.91,513
A3-03,Section 3,3,-2.86,514
A3-03,Section 3,3,-2.93,515
A3-03,Section 3,3,-2.86,516
A3-03,Section 3,3,-2.84,517
A3-03,Section 3,3,-2.92,518
A3-03,Section 3,3,-2.95,519
A3-03,Section 3,3,-3,520
A3-03,Section 3,3,-3,521
A3-03,Section 3,3,-3,522
A3-03,Section 3,3,-3,523
A3-03,Section 3,3,-3,524
A3-03,Section 3,3,-2.93,525
A3-03,Section 3,3,-3,526
A3-03,Section 3,3,-2.7,527
A3-03,Section 3,3,-2.92,528
A3-03,Section 3,3,-2.96,529
A3-03,Section 3,3,-3,530
A3-03,Section 3,3,-3,531
A3-03,Section 3,3,-3,532
A3-03,Section 3,3,-3,533
A3-03,Section 3,3,-3,534
A3-03,Section 3,3,-3,535
A3-03,Section 3,3,-3,536
A3-03,Section 3,3,-3,537
A3-03,Section 3,3,-3,538
A3-03,Section 3,3,-3,539
A3-03,Section 3,3,-3,540
A3-03,Section 3,3,-3,541
A3-03,Section 3,3,-3,542
A3-03,Section 3,3,-3,543
A3-03,Section 3,3,-3,544
A3-03,Section 3,3,-3,545
A3-03,Section 3,3,-3,546
A3-03,Section 3,3,-3,547
A3-03,Section 3,3,-3,548
A3-03,Section 3,3,-3,549
A3-03,Section 3,3,-3,550
A3-03,Section 3,3,-3,551
A3-03,Section 3,3,-3,552
A3-03,Section 3,3,-3,553
A3-03,Section 3,3,-3,554
A3-03,Section 3,3,-3,555
A3-03,Section 3,3,-3,556
A3-03,Section 3,3,-3,557
A3-03,Section 3,3,-3,558
A3-03,Section 3,3,-3,559
A3-03,Section 3,3,-3,560
A3-03,Section 3,3,-3,561
A3-03,Section 3,3,-3,562
A3-03,Section 3,3,-3,563
A3-03,Section 3,3,-3,564
A3-03,Section 3,3,-3,565
A3-03,Section 3,3,-3,566
A3-03,Section 3,3,-3,567
A3-03,Section 3,3,-3,568
A3-03,Section 3,3,-3,569
A3-03,Section 3,3,-3,570
A3-03,Section 3,3,-3,571
A3-03,Section 3,3,-3,572
A3-03,Section 3,3,-3,573
A3-03,Section 3,3,-3,574
A3-03,Section 3,3,-3,575
A3-03,Section 3,3,-3,576
A3-03,Section 3,3,-3,577
A3-03,Section 3,3,-3,578
A3-03,Section 3,3,-3,579
A3-03,Section 3,3,-3,580
A3-03,Section 3,3,-3,581
A3-03,Section 3,3,-3,582
A3-03,Section 3,3,-3,583
A3-03,Section 3,3,-3,584
A3-03,Section 3,3,-3,585
A3-03,Section 3,3,-3,586
A3-03,Section 3,3,-3,587
A3-03,Section 3,3,-3,588
A3-03,Section 3,3,-3,589
A3-03,Section 3,3,-3,590
A3-03,Section 3,3,-3,591
A3-03,Section 3,3,-3,592
A3-03,Section 3,3,-3,593
A3-03,Section 3,3,-3,594
A3-03,Section 3,3,-3,595
A3-03,Section 3,3,-3,596
A3-03,Section 3,3,-3,597
A3-03,Section 3,3,-3,598
A3-03,Section 3,3,-3,599
A3-03,Section 3,3,-3,600
A3-03,Section 3,3,-3,601
A3-03,Section 3,3,-3,602
A3-03,Section 3,3,-3,603
A3-03,Section 3,3,-3,604
A3-03,Section 3,3,-3,605
A3-03,Section 3,3,-3,606
A3-03,Section 3,3,-3,607
A3-03,Section 3,3,-3,608
A3-03,Section 3,3,-3,609
A3-03,Section 3,3,-3,610
A3-03,Section 3,3,-3,611
A3-03,Section 3,3,-3,612
A3-03,Section 3,3,-3,613
A3-03,Section 3,3,-3,614
A3-03,Section 3,3,-3,615
A3-03,Section 3,3,-3,616
A3-03,Section 3,3,-3,617
A3-03,Section 3,3,-3,618
A3-03,Section 3,3,-3,619
A3-03,Section 3,3,-3,620
A3-03,Section 3,3,-3,621
A3-03,Section 3,3,-3,622
A3-03,Section 3,3,-3,623
A3-03,Section 3,3,-3,624
A3-03,Section 3,3,-3,625
A3-03,Section 3,3,-3,626
A3-03,Section 3,3,-3,627
A3-03,Section 3,3,-3,628
A3-03,Section 3,3,-3,629
A3-03,Section 3,3,-3,630
A3-03,Section 3,3,-3,631
A3-03,Section 3,3,-3,632
A3-03,Section 3,3,-3,633
A3-03,Section 3,3,-3,634
A3-03,Section 3,3,-3,635
A3-03,Section 3,3,-3,636
A3-03,Section 3,3,-3,637
A3-03,Section 3,3,-3,638
A3-03,Section 3,3,-3,639
A3-03,Section 3,3,-3,640
A3-03,Section 3,3,-3,641
A3-03,Section 3,3,-3,642
A3-03,Section 3,3,-3,643
A3-03,Section 3,3,-3,644
A3-03,Section 3,3,-3,645
A3-03,Section 3,3,-3,646
A3-03,Section 3,3,-3,647
A3-03,Section 3,3,-3,648
A3-03,Section 3,3,-3,649
A3-03,Section 3,3,-3,650
A3-03,Section 3,3,-3,651
A3-03,Section 3,3,-3,652
A3-03,Section 3,3,-3,653
A3-03,Section 3,3,-3,654
A3-03,Section 3,3,-3,655
A3-03,Section 3,3,-3,656
A3-03,Section 3,3,-3,657
A3-03,Section 3,3,-3,658
A3-03,Section 3,3,-3,659
A3-03,Section 3,3,-3,660
A3-03,Section 3,3,-3,661
A3-03,Section 3,3,-3,662
A3-03,Section 3,3,-3,663
A3-03,Section 3,3,-3,664
A3-03,Section 3,3,-3,665
A3-03,Section 3,3,-3,666
A3-03,Section 3,3,-3,667
A3-03,Section 3,3,-3,668
A3-03,Section 3,3,-3,669
A3-03,Section 3,3,-3,670
A3-03,Section 3,3,-3,671
A3-03,Section 3,3,-3,672
A3-03,Section 3,3,-3,673
A3-03,Section 3,3,-3,674
A3-03,Section 3,3,-3,675
A3-03,Section 3,3,-3,676
A3-03,Section 3,3,-3,677
A3-03,Section 3,3,-3,678
A3-03,Section 3,3,-3,679
A3-03,Section 3,3,-3,680
A3-03,Section 3,3,-3,681
A3-03,Section 3,3,-3,682
A3-03,Section 3,3,-3,683
A3-03,Section 3,3,-3,684
A3-03,Section 3,3,-3,685
A3-03,Section 3,3,-3,686
A3-03,Section 3,3,-3,687
A3-03,Section 3,3,-3,688
A3-03,Section 3,3,-3,689
A3-03,Section 3,3,-3,690
A3-03,Section 3,3,-3,691
A3-03,Section 3,3,-3,692
A3-03,Section 3,3,-3,693
A3-03,Section 3,3,-3,694
A3-03,Section 3,3,-3,695
A3-03,Section 3,3,-3,696
A3-03,Section 3,3,-3,697
A3-03,Section 3,3,-3,698
A3-03,Section 3,3,-3,699
A3-03,Section 3,3,-3,700
A3-03,Section 3,3,-3,701
A3-03,Section 3,3,-3,702
A3-03,Section 3,3,-3,703
A3-03,Section 3,3,-3,704
A3-03,Section 3,3,-3,705
A3-03,Section 3,3,-3,706
A3-03,Section 3,3,-3,707
A3-03,Section 3,3,-3,708
A3-03,Section 3,3,-3,709
A3-03,Section 3,3,-3,710
A3-03,Section 3,3,-3,711
A3-03,Section 3,3,-3,712
A3-03,Section 3,3,-3,713
A3-03,Section 3,3,-3,714
A3-03,Section 3,3,-3,715
A3-03,Section 3,3,-3,716
A3-03,Section 3,3,-3,717
A3-03,Section 3,3,-3,718
A3-03,Section 3,3,-3,719
A3-03,Section 3,3,-3,720
A3-03,Section 3,3,-3,721
A3-03,Section 3,3,-3,722
A3-03,Section 3,3,-3,723
A3-03,Section 3,3,-3,724
A3-03,Section 3,3,-3,725
A3-03,Section 3,3,-3,726
A3-03,Section 3,3,-3,727
A3-03,Section 3,3,-3,728
A3-03,Section 3,3,-3,729
A3-03,Section 3,3,-3,730
A3-03,Section 3,3,-0.16,731
A3-03,Section 3,3,-0.95,732
A3-03,Section 3,3,-2.37,733
A3-03,Section 3,3,-3,734
A3-03,Section 3,3,-3,735
A3-03,Section 3,3,-3,736
A3-03,Section 3,3,-3,737
A3-03,Section 3,3,-3,738
A3-03,Section 3,3,-3,739
A3-03,Section 3,3,-3,740
A3-03,Section 3,3,-3,741
A3-03,Section 3,3,-2.85,742
A3-03,Section 3,3,-3,743
A3-03,Section 3,3,-3,744
A3-03,Section 3,3,-3,745
A3-03,Section 3,3,-3,746
A3-03,Section 3,3,-3,747
A3-03,Section 3,3,-3,748
A3-03,Section 3,3,-3,749
A3-03,Section 3,3,-2.95,750
A3-03,Section 3,3,-2.88,751
A3-03,Section 3,3,-2.84,752
A3-03,Section 3,3,-2.93,753
A3-03,Section 3,3,-2.79,754
A3-03,Section 3,3,-2.63,755
A3-03,Section 3,3,-2.58,756
A3-03,Section 3,3,-2.52,757
A3-03,Section 3,3,-2.52,758
A3-03,Section 3,3,-2.6,759
A3-03,Section 3,3,-2.7,760
A3-03,Section 3,3,-2.7,761
A3-03,Section 3,3,-2.63,762
A3-03,Section 3,3,-2.59,763
A3-03,Section 3,3,-2.5,764
A3-03,Section 3,3,-2.35,765
A3-03,Section 3,3,-2.26,766
A3-03,Section 3,3,-2.31,767
A3-03,Section 3,3,-2.23,768
A3-03,Section 3,3,-2.14,769
A3-03,Section 3,3,-2.18,770
A3-03,Section 3,3,-2.06,771
A3-03,Section 3,3,-1.95,772
A3-03,Section 3,3,-1.9,773
A3-03,Section 3,3,-2,774
A3-03,Section 3,3,-2.09,775
A3-03,Section 3,3,-1.97,776
A3-03,Section 3,3,-1.85,777
A3-03,Section 3,3,-1.75,778
A3-03,Section 3,3,-1.71,779
A3-03,Section 3,3,-1.65,780
A3-03,Section 3,3,-1.63,781
A3-03,Section 3,3,-1.63,782
A3-03,Section 3,3,-1.62,783
A3-03,Section 3,3,-1.63,784
A3-03,Section 3,3,-1.55,785
A3-03,Section 3,3,-1.55,786
A3-03,Section 3,3,-1.74,787
A3-03,Section 3,3,-1.84,788
A3-03,Section 3,3,-1.87,789
A3-03,Section 3,3,-1.69,790
A3-03,Section 3,3,-1.63,791
A3-03,Section 3,3,-1.59,792
A3-03,Section 3,3,-1.57,793
A3-03,Section 3,3,-1.77,794
A3-03,Section 3,3,-1.64,795
A3-03,Section 3,3,-1.45,796
A3-03,Section 3,3,-1.46,797
A3-03,Section 3,3,-1.39,798
A3-03,Section 3,3,-1.34,799
A3-03,Section 3,3,-1.31,800
A3-03,Section 3,3,-1.31,801
A3-03,Section 3,3,-1.45,802
A3-03,Section 3,3,-1.52,803
A3-03,Section 3,3,-1.5,804
A3-03,Section 3,3,-1.41,805
A3-03,Section 3,3,-1.43,806
A3-03,Section 3,3,-1.36,807
A3-03,Section 3,3,-1.35,808
A3-03,Section 3,3,-1.31,809
A3-03,Section 3,3,-1.31,810
A3-03,Section 3,3,-1.31,811
A3-03,Section 3,3,-1.23,812
A3-03,Section 3,3,-1.26,813
A3-03,Section 3,3,-1.34,814
A3-03,Section 3,3,-1.28,815
A3-03,Section 3,3,-1.21,816
A3-03,Section 3,3,-1.36,817
A3-03,Section 3,3,-1.42,818
A3-03,Section 3,3,-1.24,819
A3-03,Section 3,3,-1.15,820
A3-03,Section 3,3,-1.17,821
A3-03,Section 3,3,-1.26,822
A3-03,Section 3,3,-1.19,823
A3-03,Section 3,3,-1.16,824
A3-03,Section 3,3,-1.16,825
A3-03,Section 3,3,-1.14,826
A3-03,Section 3,3,-1.19,827
A3-03,Section 3,3,-1.12,828
A3-03,Section 3,3,-1.07,829
A3-03,Section 3,3,-1.21,830
A3-03,Section 3,3,-1.16,831
A3-03,Section 3,3,-1.12,832
A3-03,Section 3,3,-1.2,833
A3-03,Section 3,3,-1.24,834
A3-03,Section 3,3,-1.14,835
A3-03,Section 3,3,-1.07,836
A3-03,Section 3,3,-1.12,837
A3-03,Section 3,3,-1.12,838
A3-03,Section 3,3,-1.07,839
A3-03,Section 3,3,-1.09,840
A3-03,Section 3,3,-1.08,841
A3-03,Section 3,3,-1.05,842
A3-03,Section 3,3,-0.98,843
A3-03,Section 3,3,-1.05,844
A3-03,Section 3,3,-1.12,845
A3-03,Section 3,3,-1.13,846
A3-03,Section 3,3,-1.13,847
A3-03,Section 3,3,-1.15,848
A3-03,Section 3,3,-1.14,849
A3-03,Section 3,3,-1.07,850
A3-03,Section 3,3,-1.01,851
A3-03,Section 3,3,-1.21,852
A3-03,Section 3,3,-1.19,853
A3-03,Section 3,3,-1.1,854
A3-03,Section 3,3,-1.03,855
A3-03,Section 3,3,-1.06,856
A3-03,Section 3,3,-1.14,857
A3-03,Section 3,3,-1.2,858
A3-03,Section 3,3,-1.06,859
A3-03,Section 3,3,-0.98,860
A3-03,Section 3,3,-0.96,861
A3-03,Section 3,3,-0.97,862
A3-03,Section 3,3,-1.08,863
A3-03,Section 3,3,-1.22,864
A3-03,Section 3,3,-1.28,865
A3-03,Section 3,3,-1.22,866
A3-03,Section 3,3,-1.16,867
A3-03,Section 3,3,-1.01,868
A3-03,Section 3,3,-0.89,869
A3-03,Section 3,3,-0.94,870
A3-03,Section 3,3,-1.05,871
A3-03,Section 3,3,-1.07,872
A3-03,Section 3,3,-1.12,873
A3-03,Section 3,3,-0.94,874
A3-03,Section 3,3,-0.9,875
A3-03,Section 3,3,-0.93,876
A3-03,Section 3,3,-0.95,877
A3-03,Section 3,3,-1.08,878
A3-03,Section 3,3,-1.07,879
A3-03,Section 3,3,-1.13,880
A3-03,Section 3,3,-1.09,881
A3-03,Section 3,3,-0.95,882
A3-03,Section 3,3,-0.88,883
A3-03,Section 3,3,-0.88,884
A3-03,Section 3,3,-0.88,885
A3-03,Section 3,3,-0.87,886
A3-03,Section 3,3,-0.88,887
A3-03,Section 3,3,-0.97,888
A3-03,Section 3,3,-1.14,889
A3-03,Section 3,3,-1.03,890
A3-03,Section 3,3,-0.89,891
A3-03,Section 3,3,-0.88,892
A3-03,Section 3,3,-0.98,893
A3-03,Section 3,3,-1.05,894
A3-03,Section 3,3,-0.97,895
A3-03,Section 3,3,-0.87,896
A3-03,Section 3,3,-0.81,897
A3-03,Section 3,3,-0.81,898
A3-03,Section 3,3,-0.82,899
A3-03,Section 3,3,-0.83,900
A3-03,Section 3,3,-0.87,901
A3-03,Section 3,3,-0.91,902
A3-03,Section 3,3,-1.01,903
A3-03,Section 3,3,-1.12,904
A3-03,Section 3,3,-0.98,905
A3-03,Section 3,3,-0.83,906
A3-03,Section 3,3,-0.83,907
A3-03,Section 3,3,-0.9,908
A3-03,Section 3,3,-0.92,909
A3-03,Section 3,3,-0.8,910
A3-03,Section 3,3,-0.86,911
A3-03,Section 3,3,-0.94,912
A3-03,Section 3,3,-0.93,913
A3-03,Section 3,3,-0.89,914
A3-03,Section 3,3,-1.02,915
A3-03,Section 3,3,-1.15,916
A3-03,Section 3,3,-0.96,917
A3-03,Section 3,3,-0.85,918
A3-03,Section 3,3,-0.85,919
A3-03,Section 3,3,-0.84,920
A3-03,Section 3,3,-0.87,921
A3-03,Section 3,3,-0.88,922
A3-03,Section 3,3,-0.93,923
A3-03,Section 3,3,-1.03,924
A3-03,Section 3,3,-1.03,925
A3-03,Section 3,3,-1.04,926
A3-03,Section 3,3,-1.05,927
A3-03,Section 3,3,-1.03,928
A3-03,Section 3,3,-1.01,929
A3-03,Section 3,3,-0.98,930
A3-03,Section 3,3,-1.14,931
A3-03,Section 3,3,-1.17,932
A3-03,Section 3,3,-1.19,933
A3-03,Section 3,3,-1.25,934
A3-03,Section 3,3,-1.42,935
A3-03,Section 3,3,-1.36,936
A3-03,Section 3,3,-1.36,937
A3-03,Section 3,3,-1.38,938
A3-03,Section 3,3,-1.4,939
A3-03,Section 3,3,-1.5,940
A3-03,Section 3,3,-1.59,941
A3-03,Section 3,3,-1.71,942
A3-03,Section 3,3,-1.8,943
A3-03,Section 3,3,-1.73,944
A3-03,Section 3,3,-1.76,945
A3-03,Section 3,3,-1.67,946
A3-03,Section 3,3,-1.75,947
A3-03,Section 3,3,-1.86,948
A3-03,Section 3,3,-1.85,949
A3-03,Section 3,3,-1.86,950
A3-03,Section 3,3,-1.94,951
A3-03,Section 3,3,-1.97,952
A3-03,Section 3,3,-1.98,953
A3-03,Section 3,3,-2.03,954
A3-03,Section 3,3,-1.99,955
A3-03,Section 3,3,-2.01,956
A3-03,Section 3,3,-2.03,957
A3-03,Section 3,3,-2.06,958
A3-03,Section 3,3,-2.12,959
A3-03,Section 3,3,-2.18,960
A3-03,Section 3,3,-2.24,961
A3-03,Section 3,3,-2.26,962
A3-03,Section 3,3,-2.29,963
A3-03,Section 3,3,-2.37,964
A3-03,Section 3,3,-2.42,965
A3-03,Section 3,3,-2.48,966
A3-03,Section 3,3,-2.55,967
A3-03,Section 3,3,-2.61,968
A3-03,Section 3,3,-2.71,969
A3-03,Section 3,3,-2.79,970
A3-03,Section 3,3,-2.83,971
A3-03,Section 3,3,-2.84,972
A3-03,Section 3,3,-2.97,973
A3-03,Section 3,3,-3,974
A3-03,Section 3,3,-3,975
A3-03,Section 3,3,-3,976
A3-03,Section 3,3,-3,977
A3-03,Section 3,3,-3,978
A3-03,Section 3,3,-3,979
A3-03,Section 3,3,-3,980
A3-03,Section 3,3,-3,981
A3-03,Section 3,3,-3,982
A3-03,Section 3,3,-3,983
A3-03,Section 3,3,-3,984
A3-03,Section 3,3,-3,985
A3-03,Section 3,3,-3,986
A3-03,Section 3,3,-3,987
A3-03,Section 3,3,-3,988
A3-03,Section 3,3,-3,989
A3-03,Section 3,3,-3,990
A3-03,Section 3,3,-3,991
A3-03,Section 3,3,-3,992
A3-03,Section 3,3,-3,993
A3-03,Section 3,3,-3,994
A3-03,Section 3,3,-3,995
A3-03,Section 3,3,-3,996
A3-03,Section 3,3,-3,997
A3-03,Section 3,3,-3,998
A3-03,Section 3,3,-3,999
A3-03,Section 3,3,-3,1000
A3-03,Section 3,3,-3,1001
A3-03,Section 3,3,-3,1002
A3-03,Section 3,3,-3,1003
A3-03,Section 3,3,-3,1004
A3-03,Section 3,3,-3,1005
A3-03,Section 3,3,-3,1006
A3-03,Section 3,3,-3,1007
A3-03,Section 3,3,-3,1008
A3-03,Section 3,3,-3,1009
A3-03,Section 3,3,-3,1010
A3-03,Section 3,3,-2.13,1011
A3-03,Section 3,3,-2.36,1012
A3-03,Section 3,3,-2.63,1013
A3-03,Section 3,3,-3,1014
A3-03,Section 3,3,-3,1015
A3-03,Section 3,3,-3,1016
A3-03,Section 3,3,-2.88,1017
A3-03,Section 3,3,-2.65,1018
A3-03,Section 3,3,-2.56,1019
A3-03,Section 3,3,-2.45,1020
A3-03,Section 3,3,-2.45,1021
A3-03,Section 3,3,-2.49,1022
A3-03,Section 3,3,-2.59,1023
A3-03,Section 3,3,-2.65,1024
A3-03,Section 3,3,-2.63,1025
A3-03,Section 3,3,-1.02,1026
A3-03,Section 3,3,-0.23,1027
A3-03,Section 3,3,-0.23,1028
A3-03,Section 3,3,-0.24,1029
A3-03,Section 3,3,-0.24,1030
A3-03,Section 3,3,5.69,1031
A3-03,Section 3,3,4.55,1032
A3-03,Section 3,3,4.54,1033
A3-03,Section 3,3,4.52,1034
A3-03,Section 3,3,4.53,1035
A3-03,Section 3,3,0,1036
A3-03,Section 3,3,0,1037
A3-03,Section 3,3,0,1038
A3-03,Section 3,3,0,1039
A3-03,Section 3,3,0,1040
A3-03,Section 3,3,0,1041
A3-03,Section 3,3,0,1042
A3-03,Section 3,3,0,1043
A3-03,Section 3,3,0,1044
A3-03,Section 3,3,0,1045
A3-03,Section 3,3,0,1046
A3-03,Section 3,3,0,1047
A3-03,Section 3,3,0,1048
A3-03,Section 3,3,0,1049
A3-03,Section 3,3,0,1050
A3-03,Section 3,3,0,1051
A3-03,Section 3,3,0,1052
A3-03,Section 3,3,0,1053
A3-03,Section 3,3,0,1054
A3-03,Section 3,3,0,1055
A3-03,Section 3,3,0,1056
A3-03,Section 3,3,0,1057
A3-03,Section 3,3,0,1058
A3-03,Section 3,3,0,1059
A3-03,Section 3,3,0,1060
A3-03,Section 3,3,0,1061
A3-03,Section 3,3,0,1062
A3-03,Section 3,3,0,1063
A3-03,Section 3,3,0,1064
A3-03,Section 3,3,0,1065
A3-03,Section 3,3,0,1066
A3-03,Section 3,3,0,1067
A3-03,Section 3,3,0,1068
